insertion_site_name,MBP-cpGFP_post-sort_matched_3p,MBP-cpGFP_post-sort_matched_5p,insertion_site,forward_insertion,in_frame
2_fwd,0,0,2,TRUE,TRUE
3_fwd,1,0,3,TRUE,FALSE
4_fwd,0,0,4,TRUE,FALSE
5_fwd,20,2,5,TRUE,TRUE
6_fwd,1,0,6,TRUE,FALSE
7_fwd,2,0,7,TRUE,FALSE
8_fwd,43,12,8,TRUE,TRUE
9_fwd,0,0,9,TRUE,FALSE
10_fwd,1,0,10,TRUE,FALSE
11_fwd,16,5,11,TRUE,TRUE
12_fwd,0,0,12,TRUE,FALSE
13_fwd,0,0,13,TRUE,FALSE
14_fwd,0,0,14,TRUE,TRUE
15_fwd,0,2,15,TRUE,FALSE
16_fwd,0,0,16,TRUE,FALSE
17_fwd,68,31,17,TRUE,TRUE
18_fwd,2,0,18,TRUE,FALSE
19_fwd,1,1,19,TRUE,FALSE
20_fwd,30,15,20,TRUE,TRUE
21_fwd,11,2,21,TRUE,FALSE
22_fwd,1,0,22,TRUE,FALSE
23_fwd,0,0,23,TRUE,TRUE
24_fwd,0,0,24,TRUE,FALSE
25_fwd,3,0,25,TRUE,FALSE
26_fwd,0,0,26,TRUE,TRUE
27_fwd,1,1,27,TRUE,FALSE
28_fwd,7,2,28,TRUE,FALSE
29_fwd,7,0,29,TRUE,TRUE
30_fwd,2,1,30,TRUE,FALSE
31_fwd,0,0,31,TRUE,FALSE
32_fwd,17,10,32,TRUE,TRUE
33_fwd,0,0,33,TRUE,FALSE
34_fwd,0,0,34,TRUE,FALSE
35_fwd,0,0,35,TRUE,TRUE
36_fwd,7,4,36,TRUE,FALSE
37_fwd,11,8,37,TRUE,FALSE
38_fwd,1,1,38,TRUE,TRUE
39_fwd,0,0,39,TRUE,FALSE
40_fwd,0,0,40,TRUE,FALSE
41_fwd,0,0,41,TRUE,TRUE
42_fwd,2,4,42,TRUE,FALSE
43_fwd,0,0,43,TRUE,FALSE
44_fwd,0,0,44,TRUE,TRUE
45_fwd,18,17,45,TRUE,FALSE
46_fwd,0,0,46,TRUE,FALSE
47_fwd,7,5,47,TRUE,TRUE
48_fwd,8,5,48,TRUE,FALSE
49_fwd,0,0,49,TRUE,FALSE
50_fwd,0,0,50,TRUE,TRUE
51_fwd,5,4,51,TRUE,FALSE
52_fwd,3,2,52,TRUE,FALSE
53_fwd,0,0,53,TRUE,TRUE
54_fwd,12,12,54,TRUE,FALSE
55_fwd,0,0,55,TRUE,FALSE
56_fwd,0,0,56,TRUE,TRUE
57_fwd,10,11,57,TRUE,FALSE
58_fwd,0,0,58,TRUE,FALSE
59_fwd,0,0,59,TRUE,TRUE
60_fwd,3,1,60,TRUE,FALSE
61_fwd,0,0,61,TRUE,FALSE
62_fwd,0,0,62,TRUE,TRUE
63_fwd,20,28,63,TRUE,FALSE
64_fwd,0,0,64,TRUE,FALSE
65_fwd,0,0,65,TRUE,TRUE
66_fwd,0,0,66,TRUE,FALSE
67_fwd,1,0,67,TRUE,FALSE
68_fwd,60,60,68,TRUE,TRUE
69_fwd,0,0,69,TRUE,FALSE
70_fwd,0,0,70,TRUE,FALSE
71_fwd,3,1,71,TRUE,TRUE
72_fwd,21,10,72,TRUE,FALSE
73_fwd,0,0,73,TRUE,FALSE
74_fwd,0,0,74,TRUE,TRUE
75_fwd,1,0,75,TRUE,FALSE
76_fwd,0,0,76,TRUE,FALSE
77_fwd,0,0,77,TRUE,TRUE
78_fwd,4,3,78,TRUE,FALSE
79_fwd,2,0,79,TRUE,FALSE
80_fwd,0,0,80,TRUE,TRUE
81_fwd,7,6,81,TRUE,FALSE
82_fwd,3,0,82,TRUE,FALSE
83_fwd,1,1,83,TRUE,TRUE
84_fwd,0,0,84,TRUE,FALSE
85_fwd,0,0,85,TRUE,FALSE
86_fwd,0,0,86,TRUE,TRUE
87_fwd,0,0,87,TRUE,FALSE
88_fwd,1,0,88,TRUE,FALSE
89_fwd,2,5,89,TRUE,TRUE
90_fwd,7,6,90,TRUE,FALSE
91_fwd,0,0,91,TRUE,FALSE
92_fwd,8,1,92,TRUE,TRUE
93_fwd,0,3,93,TRUE,FALSE
94_fwd,2,1,94,TRUE,FALSE
95_fwd,0,0,95,TRUE,TRUE
96_fwd,0,0,96,TRUE,FALSE
97_fwd,0,0,97,TRUE,FALSE
98_fwd,0,0,98,TRUE,TRUE
99_fwd,3,6,99,TRUE,FALSE
100_fwd,0,0,100,TRUE,FALSE
101_fwd,55,42,101,TRUE,TRUE
102_fwd,43,45,102,TRUE,FALSE
103_fwd,4,2,103,TRUE,FALSE
104_fwd,4,1,104,TRUE,TRUE
105_fwd,0,0,105,TRUE,FALSE
106_fwd,0,0,106,TRUE,FALSE
107_fwd,0,0,107,TRUE,TRUE
108_fwd,2,2,108,TRUE,FALSE
109_fwd,0,0,109,TRUE,FALSE
110_fwd,21,11,110,TRUE,TRUE
111_fwd,0,0,111,TRUE,FALSE
112_fwd,0,0,112,TRUE,FALSE
113_fwd,0,0,113,TRUE,TRUE
114_fwd,5,1,114,TRUE,FALSE
115_fwd,0,0,115,TRUE,FALSE
116_fwd,3,2,116,TRUE,TRUE
117_fwd,2,0,117,TRUE,FALSE
118_fwd,0,0,118,TRUE,FALSE
119_fwd,1,0,119,TRUE,TRUE
120_fwd,2,1,120,TRUE,FALSE
121_fwd,0,0,121,TRUE,FALSE
122_fwd,0,1,122,TRUE,TRUE
123_fwd,0,2,123,TRUE,FALSE
124_fwd,0,0,124,TRUE,FALSE
125_fwd,1,0,125,TRUE,TRUE
126_fwd,4,1,126,TRUE,FALSE
127_fwd,3,0,127,TRUE,FALSE
128_fwd,22,7,128,TRUE,TRUE
129_fwd,2,1,129,TRUE,FALSE
130_fwd,0,0,130,TRUE,FALSE
131_fwd,0,0,131,TRUE,TRUE
132_fwd,1,0,132,TRUE,FALSE
133_fwd,0,0,133,TRUE,FALSE
134_fwd,0,0,134,TRUE,TRUE
135_fwd,5,2,135,TRUE,FALSE
136_fwd,0,0,136,TRUE,FALSE
137_fwd,31,15,137,TRUE,TRUE
138_fwd,4,4,138,TRUE,FALSE
139_fwd,0,0,139,TRUE,FALSE
140_fwd,2,3,140,TRUE,TRUE
141_fwd,2,0,141,TRUE,FALSE
142_fwd,0,0,142,TRUE,FALSE
143_fwd,0,0,143,TRUE,TRUE
144_fwd,0,0,144,TRUE,FALSE
145_fwd,0,0,145,TRUE,FALSE
146_fwd,0,0,146,TRUE,TRUE
147_fwd,0,0,147,TRUE,FALSE
148_fwd,0,0,148,TRUE,FALSE
149_fwd,1,3,149,TRUE,TRUE
150_fwd,4,3,150,TRUE,FALSE
151_fwd,1,0,151,TRUE,FALSE
152_fwd,7,6,152,TRUE,TRUE
153_fwd,17,16,153,TRUE,FALSE
154_fwd,0,0,154,TRUE,FALSE
155_fwd,25,23,155,TRUE,TRUE
156_fwd,0,0,156,TRUE,FALSE
157_fwd,0,0,157,TRUE,FALSE
158_fwd,8,6,158,TRUE,TRUE
159_fwd,2,5,159,TRUE,FALSE
160_fwd,0,0,160,TRUE,FALSE
161_fwd,7,2,161,TRUE,TRUE
162_fwd,0,0,162,TRUE,FALSE
163_fwd,0,0,163,TRUE,FALSE
164_fwd,0,0,164,TRUE,TRUE
165_fwd,0,0,165,TRUE,FALSE
166_fwd,0,0,166,TRUE,FALSE
167_fwd,0,7,167,TRUE,TRUE
168_fwd,39,27,168,TRUE,FALSE
169_fwd,0,0,169,TRUE,FALSE
170_fwd,1,3,170,TRUE,TRUE
171_fwd,2,3,171,TRUE,FALSE
172_fwd,0,0,172,TRUE,FALSE
173_fwd,0,2,173,TRUE,TRUE
174_fwd,4,3,174,TRUE,FALSE
175_fwd,0,0,175,TRUE,FALSE
176_fwd,1,0,176,TRUE,TRUE
177_fwd,4,2,177,TRUE,FALSE
178_fwd,14,10,178,TRUE,FALSE
179_fwd,201,176,179,TRUE,TRUE
180_fwd,19,25,180,TRUE,FALSE
181_fwd,0,0,181,TRUE,FALSE
182_fwd,5,3,182,TRUE,TRUE
183_fwd,0,1,183,TRUE,FALSE
184_fwd,0,0,184,TRUE,FALSE
185_fwd,0,0,185,TRUE,TRUE
186_fwd,0,0,186,TRUE,FALSE
187_fwd,0,0,187,TRUE,FALSE
188_fwd,0,0,188,TRUE,TRUE
189_fwd,3,1,189,TRUE,FALSE
190_fwd,0,0,190,TRUE,FALSE
191_fwd,2,2,191,TRUE,TRUE
192_fwd,7,3,192,TRUE,FALSE
193_fwd,4,1,193,TRUE,FALSE
194_fwd,0,1,194,TRUE,TRUE
195_fwd,0,0,195,TRUE,FALSE
196_fwd,1,1,196,TRUE,FALSE
197_fwd,0,0,197,TRUE,TRUE
198_fwd,1,4,198,TRUE,FALSE
199_fwd,0,0,199,TRUE,FALSE
200_fwd,2,0,200,TRUE,TRUE
201_fwd,2,0,201,TRUE,FALSE
202_fwd,0,0,202,TRUE,FALSE
203_fwd,0,1,203,TRUE,TRUE
204_fwd,10,6,204,TRUE,FALSE
205_fwd,0,0,205,TRUE,FALSE
206_fwd,0,0,206,TRUE,TRUE
207_fwd,0,0,207,TRUE,FALSE
208_fwd,0,0,208,TRUE,FALSE
209_fwd,0,0,209,TRUE,TRUE
210_fwd,1,5,210,TRUE,FALSE
211_fwd,0,0,211,TRUE,FALSE
212_fwd,0,0,212,TRUE,TRUE
213_fwd,30,29,213,TRUE,FALSE
214_fwd,0,0,214,TRUE,FALSE
215_fwd,0,0,215,TRUE,TRUE
216_fwd,2,0,216,TRUE,FALSE
217_fwd,0,0,217,TRUE,FALSE
218_fwd,23,36,218,TRUE,TRUE
219_fwd,0,1,219,TRUE,FALSE
220_fwd,0,0,220,TRUE,FALSE
221_fwd,2,0,221,TRUE,TRUE
222_fwd,12,10,222,TRUE,FALSE
223_fwd,0,0,223,TRUE,FALSE
224_fwd,1,0,224,TRUE,TRUE
225_fwd,0,0,225,TRUE,FALSE
226_fwd,0,0,226,TRUE,FALSE
227_fwd,2,1,227,TRUE,TRUE
228_fwd,3,3,228,TRUE,FALSE
229_fwd,0,0,229,TRUE,FALSE
230_fwd,0,0,230,TRUE,TRUE
231_fwd,2,1,231,TRUE,FALSE
232_fwd,4,6,232,TRUE,FALSE
233_fwd,0,0,233,TRUE,TRUE
234_fwd,0,0,234,TRUE,FALSE
235_fwd,0,0,235,TRUE,FALSE
236_fwd,54,67,236,TRUE,TRUE
237_fwd,0,0,237,TRUE,FALSE
238_fwd,0,0,238,TRUE,FALSE
239_fwd,0,0,239,TRUE,TRUE
240_fwd,4,6,240,TRUE,FALSE
241_fwd,0,0,241,TRUE,FALSE
242_fwd,0,0,242,TRUE,TRUE
243_fwd,0,0,243,TRUE,FALSE
244_fwd,0,0,244,TRUE,FALSE
245_fwd,1,1,245,TRUE,TRUE
246_fwd,0,0,246,TRUE,FALSE
247_fwd,0,0,247,TRUE,FALSE
248_fwd,0,0,248,TRUE,TRUE
249_fwd,8,2,249,TRUE,FALSE
250_fwd,24,10,250,TRUE,FALSE
251_fwd,21,20,251,TRUE,TRUE
252_fwd,3,3,252,TRUE,FALSE
253_fwd,0,0,253,TRUE,FALSE
254_fwd,0,0,254,TRUE,TRUE
255_fwd,0,0,255,TRUE,FALSE
256_fwd,0,0,256,TRUE,FALSE
257_fwd,0,0,257,TRUE,TRUE
258_fwd,0,0,258,TRUE,FALSE
259_fwd,0,0,259,TRUE,FALSE
260_fwd,0,0,260,TRUE,TRUE
261_fwd,0,0,261,TRUE,FALSE
262_fwd,0,0,262,TRUE,FALSE
263_fwd,1,0,263,TRUE,TRUE
264_fwd,20,15,264,TRUE,FALSE
265_fwd,1,0,265,TRUE,FALSE
266_fwd,3,3,266,TRUE,TRUE
267_fwd,2,2,267,TRUE,FALSE
268_fwd,0,0,268,TRUE,FALSE
269_fwd,0,0,269,TRUE,TRUE
270_fwd,1,1,270,TRUE,FALSE
271_fwd,0,2,271,TRUE,FALSE
272_fwd,0,0,272,TRUE,TRUE
273_fwd,2,6,273,TRUE,FALSE
274_fwd,5,9,274,TRUE,FALSE
275_fwd,1,1,275,TRUE,TRUE
276_fwd,0,0,276,TRUE,FALSE
277_fwd,0,1,277,TRUE,FALSE
278_fwd,0,0,278,TRUE,TRUE
279_fwd,1,4,279,TRUE,FALSE
280_fwd,4,3,280,TRUE,FALSE
281_fwd,0,0,281,TRUE,TRUE
282_fwd,0,0,282,TRUE,FALSE
283_fwd,2,0,283,TRUE,FALSE
284_fwd,0,0,284,TRUE,TRUE
285_fwd,1,0,285,TRUE,FALSE
286_fwd,0,0,286,TRUE,FALSE
287_fwd,0,0,287,TRUE,TRUE
288_fwd,44,32,288,TRUE,FALSE
289_fwd,11,11,289,TRUE,FALSE
290_fwd,1,0,290,TRUE,TRUE
291_fwd,0,0,291,TRUE,FALSE
292_fwd,0,0,292,TRUE,FALSE
293_fwd,0,0,293,TRUE,TRUE
294_fwd,1,0,294,TRUE,FALSE
295_fwd,0,0,295,TRUE,FALSE
296_fwd,0,1,296,TRUE,TRUE
297_fwd,7,14,297,TRUE,FALSE
298_fwd,6,1,298,TRUE,FALSE
299_fwd,2,4,299,TRUE,TRUE
300_fwd,2,0,300,TRUE,FALSE
301_fwd,1,1,301,TRUE,FALSE
302_fwd,2,1,302,TRUE,TRUE
303_fwd,5,6,303,TRUE,FALSE
304_fwd,0,0,304,TRUE,FALSE
305_fwd,0,0,305,TRUE,TRUE
306_fwd,8,7,306,TRUE,FALSE
307_fwd,0,0,307,TRUE,FALSE
308_fwd,10,4,308,TRUE,TRUE
309_fwd,15,21,309,TRUE,FALSE
310_fwd,1,1,310,TRUE,FALSE
311_fwd,0,0,311,TRUE,TRUE
312_fwd,6,2,312,TRUE,FALSE
313_fwd,2,2,313,TRUE,FALSE
314_fwd,3,3,314,TRUE,TRUE
315_fwd,0,1,315,TRUE,FALSE
316_fwd,0,0,316,TRUE,FALSE
317_fwd,0,0,317,TRUE,TRUE
318_fwd,0,0,318,TRUE,FALSE
319_fwd,0,0,319,TRUE,FALSE
320_fwd,0,0,320,TRUE,TRUE
321_fwd,1,0,321,TRUE,FALSE
322_fwd,0,0,322,TRUE,FALSE
323_fwd,0,1,323,TRUE,TRUE
324_fwd,11,10,324,TRUE,FALSE
325_fwd,0,1,325,TRUE,FALSE
326_fwd,0,0,326,TRUE,TRUE
327_fwd,11,11,327,TRUE,FALSE
328_fwd,10,10,328,TRUE,FALSE
329_fwd,2,3,329,TRUE,TRUE
330_fwd,0,0,330,TRUE,FALSE
331_fwd,0,0,331,TRUE,FALSE
332_fwd,0,0,332,TRUE,TRUE
333_fwd,2,4,333,TRUE,FALSE
334_fwd,1,0,334,TRUE,FALSE
335_fwd,1,5,335,TRUE,TRUE
336_fwd,6,8,336,TRUE,FALSE
337_fwd,0,0,337,TRUE,FALSE
338_fwd,1,0,338,TRUE,TRUE
339_fwd,1,0,339,TRUE,FALSE
340_fwd,0,0,340,TRUE,FALSE
341_fwd,2,0,341,TRUE,TRUE
342_fwd,0,0,342,TRUE,FALSE
343_fwd,1,1,343,TRUE,FALSE
344_fwd,0,0,344,TRUE,TRUE
345_fwd,0,0,345,TRUE,FALSE
346_fwd,2,5,346,TRUE,FALSE
347_fwd,0,0,347,TRUE,TRUE
348_fwd,0,0,348,TRUE,FALSE
349_fwd,5,11,349,TRUE,FALSE
350_fwd,1,0,350,TRUE,TRUE
351_fwd,0,0,351,TRUE,FALSE
352_fwd,11,12,352,TRUE,FALSE
353_fwd,0,0,353,TRUE,TRUE
354_fwd,0,0,354,TRUE,FALSE
355_fwd,0,0,355,TRUE,FALSE
356_fwd,0,0,356,TRUE,TRUE
357_fwd,1,0,357,TRUE,FALSE
358_fwd,0,0,358,TRUE,FALSE
359_fwd,0,0,359,TRUE,TRUE
360_fwd,1,2,360,TRUE,FALSE
361_fwd,1,0,361,TRUE,FALSE
362_fwd,0,0,362,TRUE,TRUE
363_fwd,0,0,363,TRUE,FALSE
364_fwd,1,0,364,TRUE,FALSE
365_fwd,0,0,365,TRUE,TRUE
366_fwd,22,15,366,TRUE,FALSE
367_fwd,0,0,367,TRUE,FALSE
368_fwd,1,0,368,TRUE,TRUE
369_fwd,0,0,369,TRUE,FALSE
370_fwd,2,1,370,TRUE,FALSE
371_fwd,0,0,371,TRUE,TRUE
372_fwd,0,0,372,TRUE,FALSE
373_fwd,8,6,373,TRUE,FALSE
374_fwd,2,2,374,TRUE,TRUE
375_fwd,0,0,375,TRUE,FALSE
376_fwd,5,4,376,TRUE,FALSE
377_fwd,0,5,377,TRUE,TRUE
378_fwd,0,0,378,TRUE,FALSE
379_fwd,0,0,379,TRUE,FALSE
380_fwd,3,2,380,TRUE,TRUE
381_fwd,1,2,381,TRUE,FALSE
382_fwd,8,3,382,TRUE,FALSE
383_fwd,0,0,383,TRUE,TRUE
384_fwd,0,0,384,TRUE,FALSE
385_fwd,1,0,385,TRUE,FALSE
386_fwd,0,0,386,TRUE,TRUE
387_fwd,0,0,387,TRUE,FALSE
388_fwd,0,0,388,TRUE,FALSE
389_fwd,0,0,389,TRUE,TRUE
390_fwd,0,0,390,TRUE,FALSE
391_fwd,0,0,391,TRUE,FALSE
392_fwd,0,0,392,TRUE,TRUE
393_fwd,3,3,393,TRUE,FALSE
394_fwd,5,2,394,TRUE,FALSE
395_fwd,0,0,395,TRUE,TRUE
396_fwd,0,0,396,TRUE,FALSE
397_fwd,1,0,397,TRUE,FALSE
398_fwd,1,1,398,TRUE,TRUE
399_fwd,3,5,399,TRUE,FALSE
400_fwd,0,0,400,TRUE,FALSE
401_fwd,0,0,401,TRUE,TRUE
402_fwd,0,0,402,TRUE,FALSE
403_fwd,0,0,403,TRUE,FALSE
404_fwd,0,0,404,TRUE,TRUE
405_fwd,2,2,405,TRUE,FALSE
406_fwd,2,0,406,TRUE,FALSE
407_fwd,6,5,407,TRUE,TRUE
408_fwd,3,0,408,TRUE,FALSE
409_fwd,0,0,409,TRUE,FALSE
410_fwd,2,2,410,TRUE,TRUE
411_fwd,3,2,411,TRUE,FALSE
412_fwd,1,1,412,TRUE,FALSE
413_fwd,1,6,413,TRUE,TRUE
414_fwd,1,1,414,TRUE,FALSE
415_fwd,0,0,415,TRUE,FALSE
416_fwd,0,0,416,TRUE,TRUE
417_fwd,1,0,417,TRUE,FALSE
418_fwd,1,2,418,TRUE,FALSE
419_fwd,0,0,419,TRUE,TRUE
420_fwd,3,1,420,TRUE,FALSE
421_fwd,0,0,421,TRUE,FALSE
422_fwd,0,1,422,TRUE,TRUE
423_fwd,3,2,423,TRUE,FALSE
424_fwd,2,3,424,TRUE,FALSE
425_fwd,0,2,425,TRUE,TRUE
426_fwd,0,0,426,TRUE,FALSE
427_fwd,0,0,427,TRUE,FALSE
428_fwd,0,0,428,TRUE,TRUE
429_fwd,0,0,429,TRUE,FALSE
430_fwd,0,0,430,TRUE,FALSE
431_fwd,0,0,431,TRUE,TRUE
432_fwd,1,1,432,TRUE,FALSE
433_fwd,1,1,433,TRUE,FALSE
434_fwd,0,0,434,TRUE,TRUE
435_fwd,2,1,435,TRUE,FALSE
436_fwd,0,0,436,TRUE,FALSE
437_fwd,0,0,437,TRUE,TRUE
438_fwd,4,1,438,TRUE,FALSE
439_fwd,0,0,439,TRUE,FALSE
440_fwd,0,0,440,TRUE,TRUE
441_fwd,0,0,441,TRUE,FALSE
442_fwd,0,3,442,TRUE,FALSE
443_fwd,15,3,443,TRUE,TRUE
444_fwd,2,7,444,TRUE,FALSE
445_fwd,0,0,445,TRUE,FALSE
446_fwd,17,9,446,TRUE,TRUE
447_fwd,1,1,447,TRUE,FALSE
448_fwd,0,1,448,TRUE,FALSE
449_fwd,0,0,449,TRUE,TRUE
450_fwd,0,0,450,TRUE,FALSE
451_fwd,1,0,451,TRUE,FALSE
452_fwd,0,0,452,TRUE,TRUE
453_fwd,0,1,453,TRUE,FALSE
454_fwd,0,0,454,TRUE,FALSE
455_fwd,21,16,455,TRUE,TRUE
456_fwd,1,2,456,TRUE,FALSE
457_fwd,0,0,457,TRUE,FALSE
458_fwd,1,3,458,TRUE,TRUE
459_fwd,10,10,459,TRUE,FALSE
460_fwd,3,2,460,TRUE,FALSE
461_fwd,2,2,461,TRUE,TRUE
462_fwd,3,1,462,TRUE,FALSE
463_fwd,0,0,463,TRUE,FALSE
464_fwd,5,4,464,TRUE,TRUE
465_fwd,0,1,465,TRUE,FALSE
466_fwd,7,2,466,TRUE,FALSE
467_fwd,0,0,467,TRUE,TRUE
468_fwd,1,1,468,TRUE,FALSE
469_fwd,10,5,469,TRUE,FALSE
470_fwd,1,0,470,TRUE,TRUE
471_fwd,2,2,471,TRUE,FALSE
472_fwd,6,0,472,TRUE,FALSE
473_fwd,0,0,473,TRUE,TRUE
474_fwd,0,0,474,TRUE,FALSE
475_fwd,0,0,475,TRUE,FALSE
476_fwd,0,4,476,TRUE,TRUE
477_fwd,0,0,477,TRUE,FALSE
478_fwd,0,0,478,TRUE,FALSE
479_fwd,6,0,479,TRUE,TRUE
480_fwd,13,10,480,TRUE,FALSE
481_fwd,4,0,481,TRUE,FALSE
482_fwd,13,7,482,TRUE,TRUE
483_fwd,0,1,483,TRUE,FALSE
484_fwd,7,3,484,TRUE,FALSE
485_fwd,14,1,485,TRUE,TRUE
486_fwd,0,2,486,TRUE,FALSE
487_fwd,2,1,487,TRUE,FALSE
488_fwd,6,3,488,TRUE,TRUE
489_fwd,0,0,489,TRUE,FALSE
490_fwd,0,0,490,TRUE,FALSE
491_fwd,10,6,491,TRUE,TRUE
492_fwd,1,1,492,TRUE,FALSE
493_fwd,0,0,493,TRUE,FALSE
494_fwd,48,40,494,TRUE,TRUE
495_fwd,6,2,495,TRUE,FALSE
496_fwd,2,0,496,TRUE,FALSE
497_fwd,30,15,497,TRUE,TRUE
498_fwd,0,1,498,TRUE,FALSE
499_fwd,0,0,499,TRUE,FALSE
500_fwd,2,4,500,TRUE,TRUE
501_fwd,21,21,501,TRUE,FALSE
502_fwd,6,3,502,TRUE,FALSE
503_fwd,50,48,503,TRUE,TRUE
504_fwd,2,2,504,TRUE,FALSE
505_fwd,0,0,505,TRUE,FALSE
506_fwd,0,0,506,TRUE,TRUE
507_fwd,0,0,507,TRUE,FALSE
508_fwd,0,0,508,TRUE,FALSE
509_fwd,0,0,509,TRUE,TRUE
510_fwd,3,1,510,TRUE,FALSE
511_fwd,1,2,511,TRUE,FALSE
512_fwd,52,47,512,TRUE,TRUE
513_fwd,0,0,513,TRUE,FALSE
514_fwd,0,0,514,TRUE,FALSE
515_fwd,24,25,515,TRUE,TRUE
516_fwd,3,3,516,TRUE,FALSE
517_fwd,2,1,517,TRUE,FALSE
518_fwd,0,0,518,TRUE,TRUE
519_fwd,11,4,519,TRUE,FALSE
520_fwd,3,0,520,TRUE,FALSE
521_fwd,0,0,521,TRUE,TRUE
522_fwd,3,1,522,TRUE,FALSE
523_fwd,0,0,523,TRUE,FALSE
524_fwd,0,0,524,TRUE,TRUE
525_fwd,0,0,525,TRUE,FALSE
526_fwd,0,0,526,TRUE,FALSE
527_fwd,32,31,527,TRUE,TRUE
528_fwd,3,5,528,TRUE,FALSE
529_fwd,1,0,529,TRUE,FALSE
530_fwd,22,14,530,TRUE,TRUE
531_fwd,8,4,531,TRUE,FALSE
532_fwd,0,0,532,TRUE,FALSE
533_fwd,15,8,533,TRUE,TRUE
534_fwd,0,0,534,TRUE,FALSE
535_fwd,0,0,535,TRUE,FALSE
536_fwd,62,58,536,TRUE,TRUE
537_fwd,4,5,537,TRUE,FALSE
538_fwd,0,0,538,TRUE,FALSE
539_fwd,31,29,539,TRUE,TRUE
540_fwd,0,0,540,TRUE,FALSE
541_fwd,0,0,541,TRUE,FALSE
542_fwd,3,1,542,TRUE,TRUE
543_fwd,0,0,543,TRUE,FALSE
544_fwd,0,0,544,TRUE,FALSE
545_fwd,1,4,545,TRUE,TRUE
546_fwd,0,0,546,TRUE,FALSE
547_fwd,0,0,547,TRUE,FALSE
548_fwd,4,4,548,TRUE,TRUE
549_fwd,1,4,549,TRUE,FALSE
550_fwd,0,0,550,TRUE,FALSE
551_fwd,166,162,551,TRUE,TRUE
552_fwd,4,3,552,TRUE,FALSE
553_fwd,0,0,553,TRUE,FALSE
554_fwd,40,30,554,TRUE,TRUE
555_fwd,3,1,555,TRUE,FALSE
556_fwd,0,0,556,TRUE,FALSE
557_fwd,44,33,557,TRUE,TRUE
558_fwd,0,0,558,TRUE,FALSE
559_fwd,0,0,559,TRUE,FALSE
560_fwd,3,2,560,TRUE,TRUE
561_fwd,0,6,561,TRUE,FALSE
562_fwd,0,0,562,TRUE,FALSE
563_fwd,6,5,563,TRUE,TRUE
564_fwd,0,0,564,TRUE,FALSE
565_fwd,0,0,565,TRUE,FALSE
566_fwd,30,42,566,TRUE,TRUE
567_fwd,4,3,567,TRUE,FALSE
568_fwd,0,0,568,TRUE,FALSE
569_fwd,0,1,569,TRUE,TRUE
570_fwd,0,0,570,TRUE,FALSE
571_fwd,0,0,571,TRUE,FALSE
572_fwd,5,6,572,TRUE,TRUE
573_fwd,0,0,573,TRUE,FALSE
574_fwd,0,0,574,TRUE,FALSE
575_fwd,0,0,575,TRUE,TRUE
576_fwd,0,0,576,TRUE,FALSE
577_fwd,2,1,577,TRUE,FALSE
578_fwd,4,2,578,TRUE,TRUE
579_fwd,0,3,579,TRUE,FALSE
580_fwd,3,4,580,TRUE,FALSE
581_fwd,0,0,581,TRUE,TRUE
582_fwd,1,1,582,TRUE,FALSE
583_fwd,1,0,583,TRUE,FALSE
584_fwd,0,2,584,TRUE,TRUE
585_fwd,0,0,585,TRUE,FALSE
586_fwd,0,0,586,TRUE,FALSE
587_fwd,10,31,587,TRUE,TRUE
588_fwd,0,0,588,TRUE,FALSE
589_fwd,0,0,589,TRUE,FALSE
590_fwd,2,2,590,TRUE,TRUE
591_fwd,0,2,591,TRUE,FALSE
592_fwd,1,0,592,TRUE,FALSE
593_fwd,186,178,593,TRUE,TRUE
594_fwd,0,1,594,TRUE,FALSE
595_fwd,0,0,595,TRUE,FALSE
596_fwd,0,0,596,TRUE,TRUE
597_fwd,0,2,597,TRUE,FALSE
598_fwd,0,0,598,TRUE,FALSE
599_fwd,3,3,599,TRUE,TRUE
600_fwd,2,1,600,TRUE,FALSE
601_fwd,3,1,601,TRUE,FALSE
602_fwd,127,137,602,TRUE,TRUE
603_fwd,0,0,603,TRUE,FALSE
604_fwd,0,0,604,TRUE,FALSE
605_fwd,1,7,605,TRUE,TRUE
606_fwd,0,0,606,TRUE,FALSE
607_fwd,0,0,607,TRUE,FALSE
608_fwd,3,4,608,TRUE,TRUE
609_fwd,0,0,609,TRUE,FALSE
610_fwd,0,0,610,TRUE,FALSE
611_fwd,3,2,611,TRUE,TRUE
612_fwd,3,1,612,TRUE,FALSE
613_fwd,0,0,613,TRUE,FALSE
614_fwd,0,0,614,TRUE,TRUE
615_fwd,0,2,615,TRUE,FALSE
616_fwd,2,0,616,TRUE,FALSE
617_fwd,230,180,617,TRUE,TRUE
618_fwd,4,0,618,TRUE,FALSE
619_fwd,1,0,619,TRUE,FALSE
620_fwd,77,98,620,TRUE,TRUE
621_fwd,0,0,621,TRUE,FALSE
622_fwd,0,0,622,TRUE,FALSE
623_fwd,22,24,623,TRUE,TRUE
624_fwd,12,5,624,TRUE,FALSE
625_fwd,4,1,625,TRUE,FALSE
626_fwd,183,148,626,TRUE,TRUE
627_fwd,504,450,627,TRUE,FALSE
628_fwd,0,0,628,TRUE,FALSE
629_fwd,75,53,629,TRUE,TRUE
630_fwd,6,0,630,TRUE,FALSE
631_fwd,7,0,631,TRUE,FALSE
632_fwd,128,113,632,TRUE,TRUE
633_fwd,5,7,633,TRUE,FALSE
634_fwd,0,0,634,TRUE,FALSE
635_fwd,0,0,635,TRUE,TRUE
636_fwd,5,2,636,TRUE,FALSE
637_fwd,0,1,637,TRUE,FALSE
638_fwd,2,1,638,TRUE,TRUE
639_fwd,6,1,639,TRUE,FALSE
640_fwd,0,0,640,TRUE,FALSE
641_fwd,42,32,641,TRUE,TRUE
642_fwd,6,2,642,TRUE,FALSE
643_fwd,0,0,643,TRUE,FALSE
644_fwd,6,5,644,TRUE,TRUE
645_fwd,4,1,645,TRUE,FALSE
646_fwd,0,0,646,TRUE,FALSE
647_fwd,29,25,647,TRUE,TRUE
648_fwd,1,0,648,TRUE,FALSE
649_fwd,0,0,649,TRUE,FALSE
650_fwd,2,3,650,TRUE,TRUE
651_fwd,0,0,651,TRUE,FALSE
652_fwd,1,0,652,TRUE,FALSE
653_fwd,6,0,653,TRUE,TRUE
654_fwd,2,1,654,TRUE,FALSE
655_fwd,0,1,655,TRUE,FALSE
656_fwd,3,0,656,TRUE,TRUE
657_fwd,0,0,657,TRUE,FALSE
658_fwd,0,0,658,TRUE,FALSE
659_fwd,12,8,659,TRUE,TRUE
660_fwd,0,0,660,TRUE,FALSE
661_fwd,0,0,661,TRUE,FALSE
662_fwd,0,0,662,TRUE,TRUE
663_fwd,1,2,663,TRUE,FALSE
664_fwd,0,0,664,TRUE,FALSE
665_fwd,0,1,665,TRUE,TRUE
666_fwd,8,4,666,TRUE,FALSE
667_fwd,0,0,667,TRUE,FALSE
668_fwd,1,2,668,TRUE,TRUE
669_fwd,9,8,669,TRUE,FALSE
670_fwd,0,0,670,TRUE,FALSE
671_fwd,0,0,671,TRUE,TRUE
672_fwd,0,0,672,TRUE,FALSE
673_fwd,0,0,673,TRUE,FALSE
674_fwd,7,5,674,TRUE,TRUE
675_fwd,0,0,675,TRUE,FALSE
676_fwd,4,6,676,TRUE,FALSE
677_fwd,75,40,677,TRUE,TRUE
678_fwd,0,0,678,TRUE,FALSE
679_fwd,0,0,679,TRUE,FALSE
680_fwd,0,0,680,TRUE,TRUE
681_fwd,0,1,681,TRUE,FALSE
682_fwd,0,0,682,TRUE,FALSE
683_fwd,1,2,683,TRUE,TRUE
684_fwd,1,0,684,TRUE,FALSE
685_fwd,0,0,685,TRUE,FALSE
686_fwd,0,0,686,TRUE,TRUE
687_fwd,0,3,687,TRUE,FALSE
688_fwd,0,0,688,TRUE,FALSE
689_fwd,0,0,689,TRUE,TRUE
690_fwd,9,8,690,TRUE,FALSE
691_fwd,0,0,691,TRUE,FALSE
692_fwd,0,0,692,TRUE,TRUE
693_fwd,0,0,693,TRUE,FALSE
694_fwd,3,3,694,TRUE,FALSE
695_fwd,2,5,695,TRUE,TRUE
696_fwd,0,0,696,TRUE,FALSE
697_fwd,1,2,697,TRUE,FALSE
698_fwd,1,0,698,TRUE,TRUE
699_fwd,0,0,699,TRUE,FALSE
700_fwd,0,0,700,TRUE,FALSE
701_fwd,0,0,701,TRUE,TRUE
702_fwd,2,3,702,TRUE,FALSE
703_fwd,14,7,703,TRUE,FALSE
704_fwd,0,1,704,TRUE,TRUE
705_fwd,1,0,705,TRUE,FALSE
706_fwd,0,0,706,TRUE,FALSE
707_fwd,12,14,707,TRUE,TRUE
708_fwd,7,6,708,TRUE,FALSE
709_fwd,0,0,709,TRUE,FALSE
710_fwd,0,1,710,TRUE,TRUE
711_fwd,1,0,711,TRUE,FALSE
712_fwd,0,0,712,TRUE,FALSE
713_fwd,3,14,713,TRUE,TRUE
714_fwd,0,0,714,TRUE,FALSE
715_fwd,0,0,715,TRUE,FALSE
716_fwd,2,1,716,TRUE,TRUE
717_fwd,2,0,717,TRUE,FALSE
718_fwd,0,0,718,TRUE,FALSE
719_fwd,42,41,719,TRUE,TRUE
720_fwd,5,4,720,TRUE,FALSE
721_fwd,0,0,721,TRUE,FALSE
722_fwd,1,1,722,TRUE,TRUE
723_fwd,2,1,723,TRUE,FALSE
724_fwd,0,2,724,TRUE,FALSE
725_fwd,0,0,725,TRUE,TRUE
726_fwd,1,0,726,TRUE,FALSE
727_fwd,0,0,727,TRUE,FALSE
728_fwd,6,7,728,TRUE,TRUE
729_fwd,0,0,729,TRUE,FALSE
730_fwd,0,0,730,TRUE,FALSE
731_fwd,0,0,731,TRUE,TRUE
732_fwd,1,1,732,TRUE,FALSE
733_fwd,0,0,733,TRUE,FALSE
734_fwd,2,2,734,TRUE,TRUE
735_fwd,23,20,735,TRUE,FALSE
736_fwd,7,1,736,TRUE,FALSE
737_fwd,62,39,737,TRUE,TRUE
738_fwd,6,5,738,TRUE,FALSE
739_fwd,0,0,739,TRUE,FALSE
740_fwd,1,3,740,TRUE,TRUE
741_fwd,0,0,741,TRUE,FALSE
742_fwd,0,2,742,TRUE,FALSE
743_fwd,0,2,743,TRUE,TRUE
744_fwd,0,0,744,TRUE,FALSE
745_fwd,0,0,745,TRUE,FALSE
746_fwd,1,0,746,TRUE,TRUE
747_fwd,0,1,747,TRUE,FALSE
748_fwd,1,1,748,TRUE,FALSE
749_fwd,1,0,749,TRUE,TRUE
750_fwd,0,1,750,TRUE,FALSE
751_fwd,10,5,751,TRUE,FALSE
752_fwd,0,9,752,TRUE,TRUE
753_fwd,0,0,753,TRUE,FALSE
754_fwd,0,0,754,TRUE,FALSE
755_fwd,4,3,755,TRUE,TRUE
756_fwd,0,1,756,TRUE,FALSE
757_fwd,0,0,757,TRUE,FALSE
758_fwd,0,1,758,TRUE,TRUE
759_fwd,1,1,759,TRUE,FALSE
760_fwd,1,0,760,TRUE,FALSE
761_fwd,172,167,761,TRUE,TRUE
762_fwd,4,7,762,TRUE,FALSE
763_fwd,0,0,763,TRUE,FALSE
764_fwd,0,0,764,TRUE,TRUE
765_fwd,5,2,765,TRUE,FALSE
766_fwd,2,1,766,TRUE,FALSE
767_fwd,0,0,767,TRUE,TRUE
768_fwd,0,0,768,TRUE,FALSE
769_fwd,1,2,769,TRUE,FALSE
770_fwd,1,1,770,TRUE,TRUE
771_fwd,0,0,771,TRUE,FALSE
772_fwd,4,5,772,TRUE,FALSE
773_fwd,1,1,773,TRUE,TRUE
774_fwd,0,0,774,TRUE,FALSE
775_fwd,2,0,775,TRUE,FALSE
776_fwd,0,0,776,TRUE,TRUE
777_fwd,0,0,777,TRUE,FALSE
778_fwd,0,0,778,TRUE,FALSE
779_fwd,0,0,779,TRUE,TRUE
780_fwd,0,0,780,TRUE,FALSE
781_fwd,0,0,781,TRUE,FALSE
782_fwd,2,0,782,TRUE,TRUE
783_fwd,0,0,783,TRUE,FALSE
784_fwd,0,0,784,TRUE,FALSE
785_fwd,1,0,785,TRUE,TRUE
786_fwd,5,6,786,TRUE,FALSE
787_fwd,0,0,787,TRUE,FALSE
788_fwd,0,0,788,TRUE,TRUE
789_fwd,0,0,789,TRUE,FALSE
790_fwd,0,0,790,TRUE,FALSE
791_fwd,0,0,791,TRUE,TRUE
792_fwd,0,0,792,TRUE,FALSE
793_fwd,0,1,793,TRUE,FALSE
794_fwd,0,3,794,TRUE,TRUE
795_fwd,0,0,795,TRUE,FALSE
796_fwd,0,0,796,TRUE,FALSE
797_fwd,7,5,797,TRUE,TRUE
798_fwd,2,0,798,TRUE,FALSE
799_fwd,1,1,799,TRUE,FALSE
800_fwd,3,2,800,TRUE,TRUE
801_fwd,16,4,801,TRUE,FALSE
802_fwd,0,0,802,TRUE,FALSE
803_fwd,5,2,803,TRUE,TRUE
804_fwd,0,1,804,TRUE,FALSE
805_fwd,0,0,805,TRUE,FALSE
806_fwd,0,0,806,TRUE,TRUE
807_fwd,0,0,807,TRUE,FALSE
808_fwd,0,0,808,TRUE,FALSE
809_fwd,0,0,809,TRUE,TRUE
810_fwd,0,0,810,TRUE,FALSE
811_fwd,0,0,811,TRUE,FALSE
812_fwd,1,5,812,TRUE,TRUE
813_fwd,5,3,813,TRUE,FALSE
814_fwd,0,0,814,TRUE,FALSE
815_fwd,7,3,815,TRUE,TRUE
816_fwd,1,0,816,TRUE,FALSE
817_fwd,0,0,817,TRUE,FALSE
818_fwd,0,0,818,TRUE,TRUE
819_fwd,0,0,819,TRUE,FALSE
820_fwd,0,0,820,TRUE,FALSE
821_fwd,4,0,821,TRUE,TRUE
822_fwd,0,0,822,TRUE,FALSE
823_fwd,0,0,823,TRUE,FALSE
824_fwd,0,0,824,TRUE,TRUE
825_fwd,0,0,825,TRUE,FALSE
826_fwd,0,0,826,TRUE,FALSE
827_fwd,0,0,827,TRUE,TRUE
828_fwd,0,0,828,TRUE,FALSE
829_fwd,0,0,829,TRUE,FALSE
830_fwd,0,0,830,TRUE,TRUE
831_fwd,2,0,831,TRUE,FALSE
832_fwd,0,0,832,TRUE,FALSE
833_fwd,1,0,833,TRUE,TRUE
834_fwd,0,0,834,TRUE,FALSE
835_fwd,0,0,835,TRUE,FALSE
836_fwd,3,0,836,TRUE,TRUE
837_fwd,0,0,837,TRUE,FALSE
838_fwd,0,0,838,TRUE,FALSE
839_fwd,0,0,839,TRUE,TRUE
840_fwd,0,0,840,TRUE,FALSE
841_fwd,0,0,841,TRUE,FALSE
842_fwd,0,0,842,TRUE,TRUE
843_fwd,0,0,843,TRUE,FALSE
844_fwd,0,0,844,TRUE,FALSE
845_fwd,0,0,845,TRUE,TRUE
846_fwd,2,4,846,TRUE,FALSE
847_fwd,2,0,847,TRUE,FALSE
848_fwd,23,33,848,TRUE,TRUE
849_fwd,17,5,849,TRUE,FALSE
850_fwd,0,0,850,TRUE,FALSE
851_fwd,0,0,851,TRUE,TRUE
852_fwd,0,0,852,TRUE,FALSE
853_fwd,0,0,853,TRUE,FALSE
854_fwd,0,0,854,TRUE,TRUE
855_fwd,0,0,855,TRUE,FALSE
856_fwd,0,0,856,TRUE,FALSE
857_fwd,0,0,857,TRUE,TRUE
858_fwd,10,6,858,TRUE,FALSE
859_fwd,1,0,859,TRUE,FALSE
860_fwd,126,118,860,TRUE,TRUE
861_fwd,8,1,861,TRUE,FALSE
862_fwd,5,5,862,TRUE,FALSE
863_fwd,15,17,863,TRUE,TRUE
864_fwd,0,0,864,TRUE,FALSE
865_fwd,0,0,865,TRUE,FALSE
866_fwd,36,39,866,TRUE,TRUE
867_fwd,2,3,867,TRUE,FALSE
868_fwd,0,0,868,TRUE,FALSE
869_fwd,0,0,869,TRUE,TRUE
870_fwd,3,5,870,TRUE,FALSE
871_fwd,0,0,871,TRUE,FALSE
872_fwd,8,9,872,TRUE,TRUE
873_fwd,0,0,873,TRUE,FALSE
874_fwd,0,0,874,TRUE,FALSE
875_fwd,0,5,875,TRUE,TRUE
876_fwd,0,0,876,TRUE,FALSE
877_fwd,4,1,877,TRUE,FALSE
878_fwd,92,95,878,TRUE,TRUE
879_fwd,0,0,879,TRUE,FALSE
880_fwd,0,0,880,TRUE,FALSE
881_fwd,23,38,881,TRUE,TRUE
882_fwd,0,0,882,TRUE,FALSE
883_fwd,0,0,883,TRUE,FALSE
884_fwd,6,8,884,TRUE,TRUE
885_fwd,0,0,885,TRUE,FALSE
886_fwd,0,0,886,TRUE,FALSE
887_fwd,69,67,887,TRUE,TRUE
888_fwd,1,0,888,TRUE,FALSE
889_fwd,0,0,889,TRUE,FALSE
890_fwd,0,0,890,TRUE,TRUE
891_fwd,0,0,891,TRUE,FALSE
892_fwd,0,0,892,TRUE,FALSE
893_fwd,33,26,893,TRUE,TRUE
894_fwd,0,0,894,TRUE,FALSE
895_fwd,0,0,895,TRUE,FALSE
896_fwd,4,2,896,TRUE,TRUE
897_fwd,0,0,897,TRUE,FALSE
898_fwd,0,0,898,TRUE,FALSE
899_fwd,0,0,899,TRUE,TRUE
900_fwd,0,0,900,TRUE,FALSE
901_fwd,9,5,901,TRUE,FALSE
902_fwd,1,7,902,TRUE,TRUE
903_fwd,1,1,903,TRUE,FALSE
904_fwd,1,1,904,TRUE,FALSE
905_fwd,24,23,905,TRUE,TRUE
906_fwd,0,0,906,TRUE,FALSE
907_fwd,4,0,907,TRUE,FALSE
908_fwd,2,5,908,TRUE,TRUE
909_fwd,0,3,909,TRUE,FALSE
910_fwd,0,0,910,TRUE,FALSE
911_fwd,116,86,911,TRUE,TRUE
912_fwd,0,0,912,TRUE,FALSE
913_fwd,0,0,913,TRUE,FALSE
914_fwd,9,11,914,TRUE,TRUE
915_fwd,0,0,915,TRUE,FALSE
916_fwd,0,4,916,TRUE,FALSE
917_fwd,6,6,917,TRUE,TRUE
918_fwd,0,0,918,TRUE,FALSE
919_fwd,1,1,919,TRUE,FALSE
920_fwd,81,59,920,TRUE,TRUE
921_fwd,0,0,921,TRUE,FALSE
922_fwd,0,0,922,TRUE,FALSE
923_fwd,0,0,923,TRUE,TRUE
924_fwd,0,0,924,TRUE,FALSE
925_fwd,0,0,925,TRUE,FALSE
926_fwd,13,21,926,TRUE,TRUE
927_fwd,0,1,927,TRUE,FALSE
928_fwd,0,0,928,TRUE,FALSE
929_fwd,211,166,929,TRUE,TRUE
930_fwd,11,8,930,TRUE,FALSE
931_fwd,0,0,931,TRUE,FALSE
932_fwd,137,116,932,TRUE,TRUE
933_fwd,0,0,933,TRUE,FALSE
934_fwd,0,0,934,TRUE,FALSE
935_fwd,13,11,935,TRUE,TRUE
936_fwd,0,0,936,TRUE,FALSE
937_fwd,0,0,937,TRUE,FALSE
938_fwd,0,0,938,TRUE,TRUE
939_fwd,0,0,939,TRUE,FALSE
940_fwd,6,6,940,TRUE,FALSE
941_fwd,204,202,941,TRUE,TRUE
942_fwd,0,0,942,TRUE,FALSE
943_fwd,0,0,943,TRUE,FALSE
944_fwd,38,35,944,TRUE,TRUE
945_fwd,1,0,945,TRUE,FALSE
946_fwd,0,0,946,TRUE,FALSE
947_fwd,10,12,947,TRUE,TRUE
948_fwd,0,0,948,TRUE,FALSE
949_fwd,0,0,949,TRUE,FALSE
950_fwd,0,0,950,TRUE,TRUE
951_fwd,1,0,951,TRUE,FALSE
952_fwd,7,2,952,TRUE,FALSE
953_fwd,76,64,953,TRUE,TRUE
954_fwd,3,1,954,TRUE,FALSE
955_fwd,0,0,955,TRUE,FALSE
956_fwd,0,1,956,TRUE,TRUE
957_fwd,0,0,957,TRUE,FALSE
958_fwd,0,0,958,TRUE,FALSE
959_fwd,3,4,959,TRUE,TRUE
960_fwd,0,0,960,TRUE,FALSE
961_fwd,0,0,961,TRUE,FALSE
962_fwd,247,239,962,TRUE,TRUE
963_fwd,0,2,963,TRUE,FALSE
964_fwd,0,0,964,TRUE,FALSE
965_fwd,88,57,965,TRUE,TRUE
966_fwd,0,0,966,TRUE,FALSE
967_fwd,6,0,967,TRUE,FALSE
968_fwd,42,34,968,TRUE,TRUE
969_fwd,0,0,969,TRUE,FALSE
970_fwd,0,0,970,TRUE,FALSE
971_fwd,249,220,971,TRUE,TRUE
972_fwd,0,0,972,TRUE,FALSE
973_fwd,0,0,973,TRUE,FALSE
974_fwd,1,4,974,TRUE,TRUE
975_fwd,0,0,975,TRUE,FALSE
976_fwd,0,0,976,TRUE,FALSE
977_fwd,0,0,977,TRUE,TRUE
978_fwd,0,0,978,TRUE,FALSE
979_fwd,0,0,979,TRUE,FALSE
980_fwd,40,61,980,TRUE,TRUE
981_fwd,29,23,981,TRUE,FALSE
982_fwd,0,0,982,TRUE,FALSE
983_fwd,21,7,983,TRUE,TRUE
984_fwd,0,0,984,TRUE,FALSE
985_fwd,0,0,985,TRUE,FALSE
986_fwd,0,0,986,TRUE,TRUE
987_fwd,1,0,987,TRUE,FALSE
988_fwd,0,0,988,TRUE,FALSE
989_fwd,0,0,989,TRUE,TRUE
990_fwd,6,4,990,TRUE,FALSE
991_fwd,0,0,991,TRUE,FALSE
992_fwd,14,3,992,TRUE,TRUE
993_fwd,0,0,993,TRUE,FALSE
994_fwd,0,0,994,TRUE,FALSE
995_fwd,97,83,995,TRUE,TRUE
996_fwd,0,0,996,TRUE,FALSE
997_fwd,0,1,997,TRUE,FALSE
998_fwd,20,17,998,TRUE,TRUE
999_fwd,0,1,999,TRUE,FALSE
1000_fwd,2,0,1000,TRUE,FALSE
1001_fwd,175,128,1001,TRUE,TRUE
1002_fwd,1,0,1002,TRUE,FALSE
1003_fwd,0,0,1003,TRUE,FALSE
1004_fwd,7,5,1004,TRUE,TRUE
1005_fwd,0,0,1005,TRUE,FALSE
1006_fwd,0,0,1006,TRUE,FALSE
1007_fwd,9,1,1007,TRUE,TRUE
1008_fwd,1,0,1008,TRUE,FALSE
1009_fwd,3,2,1009,TRUE,FALSE
1010_fwd,54,42,1010,TRUE,TRUE
1011_fwd,0,3,1011,TRUE,FALSE
1012_fwd,0,1,1012,TRUE,FALSE
1013_fwd,65,56,1013,TRUE,TRUE
1014_fwd,0,0,1014,TRUE,FALSE
1015_fwd,0,0,1015,TRUE,FALSE
1016_fwd,0,0,1016,TRUE,TRUE
1017_fwd,0,0,1017,TRUE,FALSE
1018_fwd,0,0,1018,TRUE,FALSE
1019_fwd,39,35,1019,TRUE,TRUE
1020_fwd,1,0,1020,TRUE,FALSE
1021_fwd,0,0,1021,TRUE,FALSE
1022_fwd,0,0,1022,TRUE,TRUE
1023_fwd,0,0,1023,TRUE,FALSE
1024_fwd,0,0,1024,TRUE,FALSE
1025_fwd,8,8,1025,TRUE,TRUE
1026_fwd,13,7,1026,TRUE,FALSE
1027_fwd,1,0,1027,TRUE,FALSE
1028_fwd,6,3,1028,TRUE,TRUE
1029_fwd,2,2,1029,TRUE,FALSE
1030_fwd,0,0,1030,TRUE,FALSE
1031_fwd,0,0,1031,TRUE,TRUE
1032_fwd,0,0,1032,TRUE,FALSE
1033_fwd,0,0,1033,TRUE,FALSE
1034_fwd,133,138,1034,TRUE,TRUE
1035_fwd,5,8,1035,TRUE,FALSE
1036_fwd,0,0,1036,TRUE,FALSE
1037_fwd,39,32,1037,TRUE,TRUE
1038_fwd,2,1,1038,TRUE,FALSE
1039_fwd,0,0,1039,TRUE,FALSE
1040_fwd,72,80,1040,TRUE,TRUE
1041_fwd,0,0,1041,TRUE,FALSE
1042_fwd,0,0,1042,TRUE,FALSE
1043_fwd,128,114,1043,TRUE,TRUE
1044_fwd,2,0,1044,TRUE,FALSE
1045_fwd,8,4,1045,TRUE,FALSE
1046_fwd,392,429,1046,TRUE,TRUE
1047_fwd,0,1,1047,TRUE,FALSE
1048_fwd,0,0,1048,TRUE,FALSE
1049_fwd,44,52,1049,TRUE,TRUE
1050_fwd,0,0,1050,TRUE,FALSE
1051_fwd,0,0,1051,TRUE,FALSE
1052_fwd,0,0,1052,TRUE,TRUE
1053_fwd,0,0,1053,TRUE,FALSE
1054_fwd,0,0,1054,TRUE,FALSE
1055_fwd,14,4,1055,TRUE,TRUE
1056_fwd,0,0,1056,TRUE,FALSE
1057_fwd,0,0,1057,TRUE,FALSE
1058_fwd,232,208,1058,TRUE,TRUE
1059_fwd,1,2,1059,TRUE,FALSE
1060_fwd,0,0,1060,TRUE,FALSE
1061_fwd,469,414,1061,TRUE,TRUE
1062_fwd,0,0,1062,TRUE,FALSE
1063_fwd,1,0,1063,TRUE,FALSE
1064_fwd,11,26,1064,TRUE,TRUE
1065_fwd,0,0,1065,TRUE,FALSE
1066_fwd,0,0,1066,TRUE,FALSE
1067_fwd,3,2,1067,TRUE,TRUE
1068_fwd,17,16,1068,TRUE,FALSE
1069_fwd,0,0,1069,TRUE,FALSE
1070_fwd,8,3,1070,TRUE,TRUE
1071_fwd,3,5,1071,TRUE,FALSE
1072_fwd,0,0,1072,TRUE,FALSE
1073_fwd,33,44,1073,TRUE,TRUE
1074_fwd,0,0,1074,TRUE,FALSE
1075_fwd,0,0,1075,TRUE,FALSE
1076_fwd,6,6,1076,TRUE,TRUE
1077_fwd,0,0,1077,TRUE,FALSE
1078_fwd,0,0,1078,TRUE,FALSE
1079_fwd,38,50,1079,TRUE,TRUE
1080_fwd,2,6,1080,TRUE,FALSE
1081_fwd,0,0,1081,TRUE,FALSE
1082_fwd,17,14,1082,TRUE,TRUE
1083_fwd,0,0,1083,TRUE,FALSE
1084_fwd,0,0,1084,TRUE,FALSE
1085_fwd,0,0,1085,TRUE,TRUE
1086_fwd,0,0,1086,TRUE,FALSE
1087_fwd,0,0,1087,TRUE,FALSE
1088_fwd,50,43,1088,TRUE,TRUE
1089_fwd,18,3,1089,TRUE,FALSE
1090_fwd,0,2,1090,TRUE,FALSE
1091_fwd,401,444,1091,TRUE,TRUE
1092_fwd,0,0,1092,TRUE,FALSE
1093_fwd,0,0,1093,TRUE,FALSE
1094_fwd,0,0,1094,TRUE,TRUE
1095_fwd,0,0,1095,TRUE,FALSE
1096_fwd,0,0,1096,TRUE,FALSE
1097_fwd,14,25,1097,TRUE,TRUE
1098_fwd,0,2,1098,TRUE,FALSE
1099_fwd,0,1,1099,TRUE,FALSE
1100_fwd,38,42,1100,TRUE,TRUE
1101_fwd,2,6,1101,TRUE,FALSE
1102_fwd,0,0,1102,TRUE,FALSE
1103_fwd,83,60,1103,TRUE,TRUE
1104_fwd,0,0,1104,TRUE,FALSE
1105_fwd,0,0,1105,TRUE,FALSE
1106_fwd,4,8,1106,TRUE,TRUE
1107_fwd,1,0,1107,TRUE,FALSE
1108_fwd,0,0,1108,TRUE,FALSE
1109_fwd,1,1,1109,TRUE,TRUE
1110_fwd,0,0,1110,TRUE,FALSE
1111_fwd,0,0,1111,TRUE,FALSE
1112_fwd,143,235,1112,TRUE,TRUE
1113_fwd,0,0,1113,TRUE,FALSE
1114_fwd,0,0,1114,TRUE,FALSE
1115_fwd,105,145,1115,TRUE,TRUE
1116_fwd,1,2,1116,TRUE,FALSE
1117_fwd,1,0,1117,TRUE,FALSE
1118_fwd,52,91,1118,TRUE,TRUE
1119_fwd,0,0,1119,TRUE,FALSE
1120_fwd,21,34,1120,TRUE,FALSE
2_rev,0,0,2,FALSE,TRUE
3_rev,0,0,3,FALSE,FALSE
4_rev,0,0,4,FALSE,FALSE
5_rev,1,3,5,FALSE,TRUE
6_rev,1,0,6,FALSE,FALSE
7_rev,2,8,7,FALSE,FALSE
8_rev,2,5,8,FALSE,TRUE
9_rev,0,2,9,FALSE,FALSE
10_rev,0,0,10,FALSE,FALSE
11_rev,0,1,11,FALSE,TRUE
12_rev,0,0,12,FALSE,FALSE
13_rev,0,0,13,FALSE,FALSE
14_rev,1,6,14,FALSE,TRUE
15_rev,1,10,15,FALSE,FALSE
16_rev,0,0,16,FALSE,FALSE
17_rev,1,0,17,FALSE,TRUE
18_rev,2,6,18,FALSE,FALSE
19_rev,1,1,19,FALSE,FALSE
20_rev,6,2,20,FALSE,TRUE
21_rev,1,3,21,FALSE,FALSE
22_rev,0,2,22,FALSE,FALSE
23_rev,0,0,23,FALSE,TRUE
24_rev,2,9,24,FALSE,FALSE
25_rev,1,0,25,FALSE,FALSE
26_rev,0,0,26,FALSE,TRUE
27_rev,0,1,27,FALSE,FALSE
28_rev,16,20,28,FALSE,FALSE
29_rev,35,63,29,FALSE,TRUE
30_rev,2,0,30,FALSE,FALSE
31_rev,3,3,31,FALSE,FALSE
32_rev,1,1,32,FALSE,TRUE
33_rev,0,0,33,FALSE,FALSE
34_rev,1,2,34,FALSE,FALSE
35_rev,4,6,35,FALSE,TRUE
36_rev,7,14,36,FALSE,FALSE
37_rev,25,36,37,FALSE,FALSE
38_rev,2,1,38,FALSE,TRUE
39_rev,4,0,39,FALSE,FALSE
40_rev,0,0,40,FALSE,FALSE
41_rev,1,0,41,FALSE,TRUE
42_rev,8,6,42,FALSE,FALSE
43_rev,0,0,43,FALSE,FALSE
44_rev,5,10,44,FALSE,TRUE
45_rev,32,35,45,FALSE,FALSE
46_rev,2,1,46,FALSE,FALSE
47_rev,3,7,47,FALSE,TRUE
48_rev,20,26,48,FALSE,FALSE
49_rev,0,0,49,FALSE,FALSE
50_rev,0,0,50,FALSE,TRUE
51_rev,13,4,51,FALSE,FALSE
52_rev,4,0,52,FALSE,FALSE
53_rev,13,15,53,FALSE,TRUE
54_rev,14,14,54,FALSE,FALSE
55_rev,2,1,55,FALSE,FALSE
56_rev,5,5,56,FALSE,TRUE
57_rev,23,17,57,FALSE,FALSE
58_rev,0,0,58,FALSE,FALSE
59_rev,0,0,59,FALSE,TRUE
60_rev,4,3,60,FALSE,FALSE
61_rev,0,0,61,FALSE,FALSE
62_rev,16,2,62,FALSE,TRUE
63_rev,63,56,63,FALSE,FALSE
64_rev,2,5,64,FALSE,FALSE
65_rev,0,0,65,FALSE,TRUE
66_rev,1,0,66,FALSE,FALSE
67_rev,1,0,67,FALSE,FALSE
68_rev,13,10,68,FALSE,TRUE
69_rev,3,3,69,FALSE,FALSE
70_rev,1,1,70,FALSE,FALSE
71_rev,7,4,71,FALSE,TRUE
72_rev,30,34,72,FALSE,FALSE
73_rev,0,0,73,FALSE,FALSE
74_rev,1,2,74,FALSE,TRUE
75_rev,0,0,75,FALSE,FALSE
76_rev,0,0,76,FALSE,FALSE
77_rev,12,9,77,FALSE,TRUE
78_rev,19,23,78,FALSE,FALSE
79_rev,2,0,79,FALSE,FALSE
80_rev,5,3,80,FALSE,TRUE
81_rev,11,12,81,FALSE,FALSE
82_rev,1,0,82,FALSE,FALSE
83_rev,4,0,83,FALSE,TRUE
84_rev,0,0,84,FALSE,FALSE
85_rev,0,0,85,FALSE,FALSE
86_rev,0,0,86,FALSE,TRUE
87_rev,0,0,87,FALSE,FALSE
88_rev,0,0,88,FALSE,FALSE
89_rev,7,3,89,FALSE,TRUE
90_rev,39,30,90,FALSE,FALSE
91_rev,4,2,91,FALSE,FALSE
92_rev,4,5,92,FALSE,TRUE
93_rev,7,2,93,FALSE,FALSE
94_rev,0,0,94,FALSE,FALSE
95_rev,0,0,95,FALSE,TRUE
96_rev,1,1,96,FALSE,FALSE
97_rev,0,0,97,FALSE,FALSE
98_rev,0,0,98,FALSE,TRUE
99_rev,5,7,99,FALSE,FALSE
100_rev,0,2,100,FALSE,FALSE
101_rev,18,24,101,FALSE,TRUE
102_rev,76,78,102,FALSE,FALSE
103_rev,6,9,103,FALSE,FALSE
104_rev,2,3,104,FALSE,TRUE
105_rev,0,0,105,FALSE,FALSE
106_rev,0,0,106,FALSE,FALSE
107_rev,0,0,107,FALSE,TRUE
108_rev,7,7,108,FALSE,FALSE
109_rev,0,0,109,FALSE,FALSE
110_rev,0,0,110,FALSE,TRUE
111_rev,1,1,111,FALSE,FALSE
112_rev,0,0,112,FALSE,FALSE
113_rev,14,20,113,FALSE,TRUE
114_rev,1,1,114,FALSE,FALSE
115_rev,3,7,115,FALSE,FALSE
116_rev,45,24,116,FALSE,TRUE
117_rev,2,4,117,FALSE,FALSE
118_rev,0,0,118,FALSE,FALSE
119_rev,3,2,119,FALSE,TRUE
120_rev,0,3,120,FALSE,FALSE
121_rev,0,0,121,FALSE,FALSE
122_rev,0,1,122,FALSE,TRUE
123_rev,3,2,123,FALSE,FALSE
124_rev,1,0,124,FALSE,FALSE
125_rev,6,9,125,FALSE,TRUE
126_rev,11,11,126,FALSE,FALSE
127_rev,59,22,127,FALSE,FALSE
128_rev,27,23,128,FALSE,TRUE
129_rev,9,11,129,FALSE,FALSE
130_rev,0,0,130,FALSE,FALSE
131_rev,0,0,131,FALSE,TRUE
132_rev,0,0,132,FALSE,FALSE
133_rev,0,0,133,FALSE,FALSE
134_rev,0,0,134,FALSE,TRUE
135_rev,2,3,135,FALSE,FALSE
136_rev,9,6,136,FALSE,FALSE
137_rev,41,46,137,FALSE,TRUE
138_rev,6,6,138,FALSE,FALSE
139_rev,3,6,139,FALSE,FALSE
140_rev,0,1,140,FALSE,TRUE
141_rev,2,4,141,FALSE,FALSE
142_rev,1,1,142,FALSE,FALSE
143_rev,0,0,143,FALSE,TRUE
144_rev,0,0,144,FALSE,FALSE
145_rev,0,0,145,FALSE,FALSE
146_rev,0,0,146,FALSE,TRUE
147_rev,0,0,147,FALSE,FALSE
148_rev,0,0,148,FALSE,FALSE
149_rev,1,0,149,FALSE,TRUE
150_rev,8,8,150,FALSE,FALSE
151_rev,11,6,151,FALSE,FALSE
152_rev,3,2,152,FALSE,TRUE
153_rev,8,11,153,FALSE,FALSE
154_rev,1,0,154,FALSE,FALSE
155_rev,0,0,155,FALSE,TRUE
156_rev,0,0,156,FALSE,FALSE
157_rev,0,0,157,FALSE,FALSE
158_rev,3,0,158,FALSE,TRUE
159_rev,7,7,159,FALSE,FALSE
160_rev,2,2,160,FALSE,FALSE
161_rev,2,1,161,FALSE,TRUE
162_rev,0,0,162,FALSE,FALSE
163_rev,2,0,163,FALSE,FALSE
164_rev,1,3,164,FALSE,TRUE
165_rev,0,0,165,FALSE,FALSE
166_rev,0,0,166,FALSE,FALSE
167_rev,1,4,167,FALSE,TRUE
168_rev,36,30,168,FALSE,FALSE
169_rev,5,1,169,FALSE,FALSE
170_rev,1,1,170,FALSE,TRUE
171_rev,0,2,171,FALSE,FALSE
172_rev,0,0,172,FALSE,FALSE
173_rev,0,0,173,FALSE,TRUE
174_rev,9,4,174,FALSE,FALSE
175_rev,0,0,175,FALSE,FALSE
176_rev,0,4,176,FALSE,TRUE
177_rev,9,16,177,FALSE,FALSE
178_rev,12,12,178,FALSE,FALSE
179_rev,30,45,179,FALSE,TRUE
180_rev,15,11,180,FALSE,FALSE
181_rev,0,0,181,FALSE,FALSE
182_rev,0,0,182,FALSE,TRUE
183_rev,0,0,183,FALSE,FALSE
184_rev,0,0,184,FALSE,FALSE
185_rev,3,3,185,FALSE,TRUE
186_rev,0,0,186,FALSE,FALSE
187_rev,0,0,187,FALSE,FALSE
188_rev,1,4,188,FALSE,TRUE
189_rev,3,0,189,FALSE,FALSE
190_rev,1,0,190,FALSE,FALSE
191_rev,20,19,191,FALSE,TRUE
192_rev,11,7,192,FALSE,FALSE
193_rev,6,10,193,FALSE,FALSE
194_rev,5,1,194,FALSE,TRUE
195_rev,2,1,195,FALSE,FALSE
196_rev,0,0,196,FALSE,FALSE
197_rev,0,0,197,FALSE,TRUE
198_rev,3,4,198,FALSE,FALSE
199_rev,1,0,199,FALSE,FALSE
200_rev,0,1,200,FALSE,TRUE
201_rev,4,2,201,FALSE,FALSE
202_rev,0,0,202,FALSE,FALSE
203_rev,0,0,203,FALSE,TRUE
204_rev,2,10,204,FALSE,FALSE
205_rev,0,1,205,FALSE,FALSE
206_rev,0,0,206,FALSE,TRUE
207_rev,1,1,207,FALSE,FALSE
208_rev,0,0,208,FALSE,FALSE
209_rev,0,0,209,FALSE,TRUE
210_rev,7,6,210,FALSE,FALSE
211_rev,0,0,211,FALSE,FALSE
212_rev,1,0,212,FALSE,TRUE
213_rev,41,32,213,FALSE,FALSE
214_rev,0,0,214,FALSE,FALSE
215_rev,0,0,215,FALSE,TRUE
216_rev,2,4,216,FALSE,FALSE
217_rev,1,1,217,FALSE,FALSE
218_rev,3,0,218,FALSE,TRUE
219_rev,4,2,219,FALSE,FALSE
220_rev,0,0,220,FALSE,FALSE
221_rev,2,4,221,FALSE,TRUE
222_rev,10,13,222,FALSE,FALSE
223_rev,0,0,223,FALSE,FALSE
224_rev,0,0,224,FALSE,TRUE
225_rev,0,0,225,FALSE,FALSE
226_rev,1,3,226,FALSE,FALSE
227_rev,3,1,227,FALSE,TRUE
228_rev,1,5,228,FALSE,FALSE
229_rev,0,0,229,FALSE,FALSE
230_rev,0,0,230,FALSE,TRUE
231_rev,16,16,231,FALSE,FALSE
232_rev,10,1,232,FALSE,FALSE
233_rev,0,0,233,FALSE,TRUE
234_rev,0,0,234,FALSE,FALSE
235_rev,0,1,235,FALSE,FALSE
236_rev,6,3,236,FALSE,TRUE
237_rev,0,0,237,FALSE,FALSE
238_rev,1,1,238,FALSE,FALSE
239_rev,1,0,239,FALSE,TRUE
240_rev,3,4,240,FALSE,FALSE
241_rev,0,0,241,FALSE,FALSE
242_rev,0,0,242,FALSE,TRUE
243_rev,0,0,243,FALSE,FALSE
244_rev,0,0,244,FALSE,FALSE
245_rev,0,1,245,FALSE,TRUE
246_rev,0,0,246,FALSE,FALSE
247_rev,2,1,247,FALSE,FALSE
248_rev,0,0,248,FALSE,TRUE
249_rev,6,10,249,FALSE,FALSE
250_rev,9,13,250,FALSE,FALSE
251_rev,18,9,251,FALSE,TRUE
252_rev,7,4,252,FALSE,FALSE
253_rev,0,0,253,FALSE,FALSE
254_rev,0,0,254,FALSE,TRUE
255_rev,0,0,255,FALSE,FALSE
256_rev,1,2,256,FALSE,FALSE
257_rev,0,0,257,FALSE,TRUE
258_rev,0,0,258,FALSE,FALSE
259_rev,2,1,259,FALSE,FALSE
260_rev,0,0,260,FALSE,TRUE
261_rev,1,0,261,FALSE,FALSE
262_rev,1,0,262,FALSE,FALSE
263_rev,0,0,263,FALSE,TRUE
264_rev,14,19,264,FALSE,FALSE
265_rev,15,11,265,FALSE,FALSE
266_rev,3,4,266,FALSE,TRUE
267_rev,0,0,267,FALSE,FALSE
268_rev,0,0,268,FALSE,FALSE
269_rev,0,0,269,FALSE,TRUE
270_rev,1,2,270,FALSE,FALSE
271_rev,0,0,271,FALSE,FALSE
272_rev,0,0,272,FALSE,TRUE
273_rev,3,1,273,FALSE,FALSE
274_rev,1,0,274,FALSE,FALSE
275_rev,5,0,275,FALSE,TRUE
276_rev,1,1,276,FALSE,FALSE
277_rev,0,0,277,FALSE,FALSE
278_rev,0,0,278,FALSE,TRUE
279_rev,2,1,279,FALSE,FALSE
280_rev,3,3,280,FALSE,FALSE
281_rev,0,0,281,FALSE,TRUE
282_rev,0,0,282,FALSE,FALSE
283_rev,1,0,283,FALSE,FALSE
284_rev,0,0,284,FALSE,TRUE
285_rev,0,0,285,FALSE,FALSE
286_rev,0,0,286,FALSE,FALSE
287_rev,3,2,287,FALSE,TRUE
288_rev,43,54,288,FALSE,FALSE
289_rev,10,6,289,FALSE,FALSE
290_rev,0,0,290,FALSE,TRUE
291_rev,1,0,291,FALSE,FALSE
292_rev,0,0,292,FALSE,FALSE
293_rev,0,0,293,FALSE,TRUE
294_rev,0,2,294,FALSE,FALSE
295_rev,0,0,295,FALSE,FALSE
296_rev,4,3,296,FALSE,TRUE
297_rev,12,4,297,FALSE,FALSE
298_rev,5,8,298,FALSE,FALSE
299_rev,1,1,299,FALSE,TRUE
300_rev,0,0,300,FALSE,FALSE
301_rev,0,0,301,FALSE,FALSE
302_rev,0,0,302,FALSE,TRUE
303_rev,3,0,303,FALSE,FALSE
304_rev,0,0,304,FALSE,FALSE
305_rev,1,1,305,FALSE,TRUE
306_rev,8,4,306,FALSE,FALSE
307_rev,0,0,307,FALSE,FALSE
308_rev,0,1,308,FALSE,TRUE
309_rev,34,26,309,FALSE,FALSE
310_rev,0,0,310,FALSE,FALSE
311_rev,0,0,311,FALSE,TRUE
312_rev,2,3,312,FALSE,FALSE
313_rev,2,1,313,FALSE,FALSE
314_rev,2,8,314,FALSE,TRUE
315_rev,5,3,315,FALSE,FALSE
316_rev,0,0,316,FALSE,FALSE
317_rev,2,1,317,FALSE,TRUE
318_rev,0,0,318,FALSE,FALSE
319_rev,0,0,319,FALSE,FALSE
320_rev,1,0,320,FALSE,TRUE
321_rev,0,0,321,FALSE,FALSE
322_rev,0,0,322,FALSE,FALSE
323_rev,1,0,323,FALSE,TRUE
324_rev,27,28,324,FALSE,FALSE
325_rev,1,3,325,FALSE,FALSE
326_rev,4,1,326,FALSE,TRUE
327_rev,2,2,327,FALSE,FALSE
328_rev,5,8,328,FALSE,FALSE
329_rev,0,2,329,FALSE,TRUE
330_rev,0,0,330,FALSE,FALSE
331_rev,0,0,331,FALSE,FALSE
332_rev,0,0,332,FALSE,TRUE
333_rev,2,2,333,FALSE,FALSE
334_rev,5,4,334,FALSE,FALSE
335_rev,7,2,335,FALSE,TRUE
336_rev,9,4,336,FALSE,FALSE
337_rev,0,0,337,FALSE,FALSE
338_rev,1,0,338,FALSE,TRUE
339_rev,1,1,339,FALSE,FALSE
340_rev,0,1,340,FALSE,FALSE
341_rev,0,1,341,FALSE,TRUE
342_rev,0,0,342,FALSE,FALSE
343_rev,0,1,343,FALSE,FALSE
344_rev,0,0,344,FALSE,TRUE
345_rev,0,0,345,FALSE,FALSE
346_rev,4,3,346,FALSE,FALSE
347_rev,0,1,347,FALSE,TRUE
348_rev,0,0,348,FALSE,FALSE
349_rev,7,5,349,FALSE,FALSE
350_rev,0,0,350,FALSE,TRUE
351_rev,0,1,351,FALSE,FALSE
352_rev,11,6,352,FALSE,FALSE
353_rev,10,7,353,FALSE,TRUE
354_rev,0,0,354,FALSE,FALSE
355_rev,0,0,355,FALSE,FALSE
356_rev,0,0,356,FALSE,TRUE
357_rev,0,3,357,FALSE,FALSE
358_rev,0,0,358,FALSE,FALSE
359_rev,0,0,359,FALSE,TRUE
360_rev,1,2,360,FALSE,FALSE
361_rev,0,0,361,FALSE,FALSE
362_rev,3,2,362,FALSE,TRUE
363_rev,1,1,363,FALSE,FALSE
364_rev,0,1,364,FALSE,FALSE
365_rev,1,0,365,FALSE,TRUE
366_rev,0,0,366,FALSE,FALSE
367_rev,0,0,367,FALSE,FALSE
368_rev,0,0,368,FALSE,TRUE
369_rev,2,1,369,FALSE,FALSE
370_rev,0,1,370,FALSE,FALSE
371_rev,1,4,371,FALSE,TRUE
372_rev,0,0,372,FALSE,FALSE
373_rev,2,4,373,FALSE,FALSE
374_rev,0,0,374,FALSE,TRUE
375_rev,0,0,375,FALSE,FALSE
376_rev,7,2,376,FALSE,FALSE
377_rev,0,0,377,FALSE,TRUE
378_rev,0,0,378,FALSE,FALSE
379_rev,0,0,379,FALSE,FALSE
380_rev,0,0,380,FALSE,TRUE
381_rev,0,0,381,FALSE,FALSE
382_rev,3,2,382,FALSE,FALSE
383_rev,3,3,383,FALSE,TRUE
384_rev,0,0,384,FALSE,FALSE
385_rev,0,0,385,FALSE,FALSE
386_rev,0,0,386,FALSE,TRUE
387_rev,0,0,387,FALSE,FALSE
388_rev,0,0,388,FALSE,FALSE
389_rev,0,0,389,FALSE,TRUE
390_rev,0,0,390,FALSE,FALSE
391_rev,0,0,391,FALSE,FALSE
392_rev,0,0,392,FALSE,TRUE
393_rev,0,0,393,FALSE,FALSE
394_rev,4,3,394,FALSE,FALSE
395_rev,0,0,395,FALSE,TRUE
396_rev,0,1,396,FALSE,FALSE
397_rev,1,1,397,FALSE,FALSE
398_rev,0,0,398,FALSE,TRUE
399_rev,2,0,399,FALSE,FALSE
400_rev,0,0,400,FALSE,FALSE
401_rev,0,0,401,FALSE,TRUE
402_rev,0,0,402,FALSE,FALSE
403_rev,0,0,403,FALSE,FALSE
404_rev,0,0,404,FALSE,TRUE
405_rev,0,0,405,FALSE,FALSE
406_rev,1,1,406,FALSE,FALSE
407_rev,6,3,407,FALSE,TRUE
408_rev,0,3,408,FALSE,FALSE
409_rev,2,1,409,FALSE,FALSE
410_rev,0,0,410,FALSE,TRUE
411_rev,1,0,411,FALSE,FALSE
412_rev,2,1,412,FALSE,FALSE
413_rev,2,0,413,FALSE,TRUE
414_rev,0,0,414,FALSE,FALSE
415_rev,0,0,415,FALSE,FALSE
416_rev,0,0,416,FALSE,TRUE
417_rev,1,0,417,FALSE,FALSE
418_rev,0,0,418,FALSE,FALSE
419_rev,0,0,419,FALSE,TRUE
420_rev,0,0,420,FALSE,FALSE
421_rev,0,0,421,FALSE,FALSE
422_rev,0,0,422,FALSE,TRUE
423_rev,0,0,423,FALSE,FALSE
424_rev,0,0,424,FALSE,FALSE
425_rev,0,1,425,FALSE,TRUE
426_rev,0,0,426,FALSE,FALSE
427_rev,0,0,427,FALSE,FALSE
428_rev,1,3,428,FALSE,TRUE
429_rev,0,0,429,FALSE,FALSE
430_rev,1,1,430,FALSE,FALSE
431_rev,0,0,431,FALSE,TRUE
432_rev,0,0,432,FALSE,FALSE
433_rev,0,0,433,FALSE,FALSE
434_rev,0,0,434,FALSE,TRUE
435_rev,0,0,435,FALSE,FALSE
436_rev,1,0,436,FALSE,FALSE
437_rev,0,0,437,FALSE,TRUE
438_rev,0,2,438,FALSE,FALSE
439_rev,0,0,439,FALSE,FALSE
440_rev,0,0,440,FALSE,TRUE
441_rev,0,0,441,FALSE,FALSE
442_rev,0,0,442,FALSE,FALSE
443_rev,0,0,443,FALSE,TRUE
444_rev,0,2,444,FALSE,FALSE
445_rev,5,5,445,FALSE,FALSE
446_rev,4,0,446,FALSE,TRUE
447_rev,1,0,447,FALSE,FALSE
448_rev,1,0,448,FALSE,FALSE
449_rev,3,3,449,FALSE,TRUE
450_rev,0,0,450,FALSE,FALSE
451_rev,1,0,451,FALSE,FALSE
452_rev,0,0,452,FALSE,TRUE
453_rev,0,0,453,FALSE,FALSE
454_rev,1,3,454,FALSE,FALSE
455_rev,0,1,455,FALSE,TRUE
456_rev,2,0,456,FALSE,FALSE
457_rev,0,0,457,FALSE,FALSE
458_rev,0,0,458,FALSE,TRUE
459_rev,5,4,459,FALSE,FALSE
460_rev,1,1,460,FALSE,FALSE
461_rev,2,2,461,FALSE,TRUE
462_rev,1,1,462,FALSE,FALSE
463_rev,0,0,463,FALSE,FALSE
464_rev,1,0,464,FALSE,TRUE
465_rev,0,0,465,FALSE,FALSE
466_rev,1,1,466,FALSE,FALSE
467_rev,0,0,467,FALSE,TRUE
468_rev,6,8,468,FALSE,FALSE
469_rev,8,12,469,FALSE,FALSE
470_rev,0,0,470,FALSE,TRUE
471_rev,0,0,471,FALSE,FALSE
472_rev,0,1,472,FALSE,FALSE
473_rev,0,0,473,FALSE,TRUE
474_rev,0,0,474,FALSE,FALSE
475_rev,0,0,475,FALSE,FALSE
476_rev,0,0,476,FALSE,TRUE
477_rev,0,1,477,FALSE,FALSE
478_rev,0,0,478,FALSE,FALSE
479_rev,1,4,479,FALSE,TRUE
480_rev,0,0,480,FALSE,FALSE
481_rev,0,1,481,FALSE,FALSE
482_rev,0,0,482,FALSE,TRUE
483_rev,0,0,483,FALSE,FALSE
484_rev,6,8,484,FALSE,FALSE
485_rev,0,0,485,FALSE,TRUE
486_rev,0,1,486,FALSE,FALSE
487_rev,0,0,487,FALSE,FALSE
488_rev,0,0,488,FALSE,TRUE
489_rev,0,0,489,FALSE,FALSE
490_rev,0,0,490,FALSE,FALSE
491_rev,0,0,491,FALSE,TRUE
492_rev,0,0,492,FALSE,FALSE
493_rev,2,1,493,FALSE,FALSE
494_rev,0,1,494,FALSE,TRUE
495_rev,0,0,495,FALSE,FALSE
496_rev,2,4,496,FALSE,FALSE
497_rev,2,1,497,FALSE,TRUE
498_rev,0,0,498,FALSE,FALSE
499_rev,0,0,499,FALSE,FALSE
500_rev,0,0,500,FALSE,TRUE
501_rev,0,0,501,FALSE,FALSE
502_rev,6,2,502,FALSE,FALSE
503_rev,0,0,503,FALSE,TRUE
504_rev,0,0,504,FALSE,FALSE
505_rev,0,0,505,FALSE,FALSE
506_rev,0,0,506,FALSE,TRUE
507_rev,3,0,507,FALSE,FALSE
508_rev,0,0,508,FALSE,FALSE
509_rev,0,0,509,FALSE,TRUE
510_rev,0,0,510,FALSE,FALSE
511_rev,2,1,511,FALSE,FALSE
512_rev,1,0,512,FALSE,TRUE
513_rev,0,0,513,FALSE,FALSE
514_rev,0,1,514,FALSE,FALSE
515_rev,0,0,515,FALSE,TRUE
516_rev,0,0,516,FALSE,FALSE
517_rev,0,1,517,FALSE,FALSE
518_rev,0,0,518,FALSE,TRUE
519_rev,0,2,519,FALSE,FALSE
520_rev,3,2,520,FALSE,FALSE
521_rev,0,0,521,FALSE,TRUE
522_rev,1,1,522,FALSE,FALSE
523_rev,0,0,523,FALSE,FALSE
524_rev,0,0,524,FALSE,TRUE
525_rev,0,0,525,FALSE,FALSE
526_rev,0,0,526,FALSE,FALSE
527_rev,1,0,527,FALSE,TRUE
528_rev,6,5,528,FALSE,FALSE
529_rev,1,0,529,FALSE,FALSE
530_rev,3,3,530,FALSE,TRUE
531_rev,0,1,531,FALSE,FALSE
532_rev,0,0,532,FALSE,FALSE
533_rev,0,0,533,FALSE,TRUE
534_rev,1,0,534,FALSE,FALSE
535_rev,0,1,535,FALSE,FALSE
536_rev,0,0,536,FALSE,TRUE
537_rev,0,0,537,FALSE,FALSE
538_rev,0,0,538,FALSE,FALSE
539_rev,0,0,539,FALSE,TRUE
540_rev,2,4,540,FALSE,FALSE
541_rev,0,0,541,FALSE,FALSE
542_rev,5,2,542,FALSE,TRUE
543_rev,0,1,543,FALSE,FALSE
544_rev,0,0,544,FALSE,FALSE
545_rev,0,0,545,FALSE,TRUE
546_rev,0,0,546,FALSE,FALSE
547_rev,0,1,547,FALSE,FALSE
548_rev,0,0,548,FALSE,TRUE
549_rev,1,0,549,FALSE,FALSE
550_rev,1,2,550,FALSE,FALSE
551_rev,0,3,551,FALSE,TRUE
552_rev,4,2,552,FALSE,FALSE
553_rev,0,0,553,FALSE,FALSE
554_rev,0,0,554,FALSE,TRUE
555_rev,0,5,555,FALSE,FALSE
556_rev,3,0,556,FALSE,FALSE
557_rev,2,1,557,FALSE,TRUE
558_rev,0,0,558,FALSE,FALSE
559_rev,0,0,559,FALSE,FALSE
560_rev,0,0,560,FALSE,TRUE
561_rev,0,0,561,FALSE,FALSE
562_rev,0,0,562,FALSE,FALSE
563_rev,0,0,563,FALSE,TRUE
564_rev,0,0,564,FALSE,FALSE
565_rev,0,0,565,FALSE,FALSE
566_rev,3,3,566,FALSE,TRUE
567_rev,4,2,567,FALSE,FALSE
568_rev,0,0,568,FALSE,FALSE
569_rev,0,0,569,FALSE,TRUE
570_rev,0,0,570,FALSE,FALSE
571_rev,0,0,571,FALSE,FALSE
572_rev,0,0,572,FALSE,TRUE
573_rev,0,0,573,FALSE,FALSE
574_rev,0,0,574,FALSE,FALSE
575_rev,0,0,575,FALSE,TRUE
576_rev,0,0,576,FALSE,FALSE
577_rev,0,0,577,FALSE,FALSE
578_rev,1,0,578,FALSE,TRUE
579_rev,0,0,579,FALSE,FALSE
580_rev,0,0,580,FALSE,FALSE
581_rev,0,0,581,FALSE,TRUE
582_rev,0,0,582,FALSE,FALSE
583_rev,1,1,583,FALSE,FALSE
584_rev,0,0,584,FALSE,TRUE
585_rev,0,0,585,FALSE,FALSE
586_rev,0,1,586,FALSE,FALSE
587_rev,0,0,587,FALSE,TRUE
588_rev,0,0,588,FALSE,FALSE
589_rev,0,0,589,FALSE,FALSE
590_rev,0,0,590,FALSE,TRUE
591_rev,0,0,591,FALSE,FALSE
592_rev,3,1,592,FALSE,FALSE
593_rev,2,3,593,FALSE,TRUE
594_rev,0,0,594,FALSE,FALSE
595_rev,0,0,595,FALSE,FALSE
596_rev,0,0,596,FALSE,TRUE
597_rev,0,0,597,FALSE,FALSE
598_rev,0,0,598,FALSE,FALSE
599_rev,0,0,599,FALSE,TRUE
600_rev,1,4,600,FALSE,FALSE
601_rev,1,0,601,FALSE,FALSE
602_rev,4,2,602,FALSE,TRUE
603_rev,0,0,603,FALSE,FALSE
604_rev,0,0,604,FALSE,FALSE
605_rev,4,6,605,FALSE,TRUE
606_rev,1,0,606,FALSE,FALSE
607_rev,0,0,607,FALSE,FALSE
608_rev,0,0,608,FALSE,TRUE
609_rev,0,0,609,FALSE,FALSE
610_rev,0,0,610,FALSE,FALSE
611_rev,0,0,611,FALSE,TRUE
612_rev,0,0,612,FALSE,FALSE
613_rev,0,2,613,FALSE,FALSE
614_rev,0,0,614,FALSE,TRUE
615_rev,0,1,615,FALSE,FALSE
616_rev,1,1,616,FALSE,FALSE
617_rev,6,2,617,FALSE,TRUE
618_rev,0,2,618,FALSE,FALSE
619_rev,0,0,619,FALSE,FALSE
620_rev,3,3,620,FALSE,TRUE
621_rev,1,0,621,FALSE,FALSE
622_rev,0,0,622,FALSE,FALSE
623_rev,0,0,623,FALSE,TRUE
624_rev,2,0,624,FALSE,FALSE
625_rev,2,0,625,FALSE,FALSE
626_rev,1,2,626,FALSE,TRUE
627_rev,1,1,627,FALSE,FALSE
628_rev,0,0,628,FALSE,FALSE
629_rev,1,0,629,FALSE,TRUE
630_rev,0,0,630,FALSE,FALSE
631_rev,1,3,631,FALSE,FALSE
632_rev,0,1,632,FALSE,TRUE
633_rev,1,1,633,FALSE,FALSE
634_rev,0,0,634,FALSE,FALSE
635_rev,0,0,635,FALSE,TRUE
636_rev,0,0,636,FALSE,FALSE
637_rev,0,0,637,FALSE,FALSE
638_rev,0,0,638,FALSE,TRUE
639_rev,0,0,639,FALSE,FALSE
640_rev,0,0,640,FALSE,FALSE
641_rev,5,1,641,FALSE,TRUE
642_rev,0,0,642,FALSE,FALSE
643_rev,0,0,643,FALSE,FALSE
644_rev,5,8,644,FALSE,TRUE
645_rev,1,0,645,FALSE,FALSE
646_rev,0,0,646,FALSE,FALSE
647_rev,1,0,647,FALSE,TRUE
648_rev,2,0,648,FALSE,FALSE
649_rev,0,0,649,FALSE,FALSE
650_rev,0,0,650,FALSE,TRUE
651_rev,0,0,651,FALSE,FALSE
652_rev,0,0,652,FALSE,FALSE
653_rev,2,2,653,FALSE,TRUE
654_rev,7,6,654,FALSE,FALSE
655_rev,3,0,655,FALSE,FALSE
656_rev,0,0,656,FALSE,TRUE
657_rev,0,0,657,FALSE,FALSE
658_rev,0,0,658,FALSE,FALSE
659_rev,0,0,659,FALSE,TRUE
660_rev,0,0,660,FALSE,FALSE
661_rev,0,0,661,FALSE,FALSE
662_rev,0,0,662,FALSE,TRUE
663_rev,0,0,663,FALSE,FALSE
664_rev,0,1,664,FALSE,FALSE
665_rev,2,2,665,FALSE,TRUE
666_rev,1,2,666,FALSE,FALSE
667_rev,1,0,667,FALSE,FALSE
668_rev,0,0,668,FALSE,TRUE
669_rev,2,1,669,FALSE,FALSE
670_rev,0,0,670,FALSE,FALSE
671_rev,0,0,671,FALSE,TRUE
672_rev,0,0,672,FALSE,FALSE
673_rev,0,0,673,FALSE,FALSE
674_rev,3,2,674,FALSE,TRUE
675_rev,0,0,675,FALSE,FALSE
676_rev,1,3,676,FALSE,FALSE
677_rev,4,4,677,FALSE,TRUE
678_rev,0,0,678,FALSE,FALSE
679_rev,2,1,679,FALSE,FALSE
680_rev,0,0,680,FALSE,TRUE
681_rev,0,0,681,FALSE,FALSE
682_rev,0,0,682,FALSE,FALSE
683_rev,1,0,683,FALSE,TRUE
684_rev,0,0,684,FALSE,FALSE
685_rev,0,1,685,FALSE,FALSE
686_rev,0,0,686,FALSE,TRUE
687_rev,0,0,687,FALSE,FALSE
688_rev,0,0,688,FALSE,FALSE
689_rev,0,0,689,FALSE,TRUE
690_rev,0,0,690,FALSE,FALSE
691_rev,0,0,691,FALSE,FALSE
692_rev,0,0,692,FALSE,TRUE
693_rev,1,0,693,FALSE,FALSE
694_rev,0,2,694,FALSE,FALSE
695_rev,0,0,695,FALSE,TRUE
696_rev,0,0,696,FALSE,FALSE
697_rev,3,2,697,FALSE,FALSE
698_rev,0,0,698,FALSE,TRUE
699_rev,0,0,699,FALSE,FALSE
700_rev,0,0,700,FALSE,FALSE
701_rev,0,0,701,FALSE,TRUE
702_rev,0,0,702,FALSE,FALSE
703_rev,3,3,703,FALSE,FALSE
704_rev,0,0,704,FALSE,TRUE
705_rev,0,0,705,FALSE,FALSE
706_rev,0,0,706,FALSE,FALSE
707_rev,4,0,707,FALSE,TRUE
708_rev,1,0,708,FALSE,FALSE
709_rev,0,1,709,FALSE,FALSE
710_rev,0,0,710,FALSE,TRUE
711_rev,0,0,711,FALSE,FALSE
712_rev,0,0,712,FALSE,FALSE
713_rev,4,4,713,FALSE,TRUE
714_rev,0,1,714,FALSE,FALSE
715_rev,0,0,715,FALSE,FALSE
716_rev,0,0,716,FALSE,TRUE
717_rev,0,1,717,FALSE,FALSE
718_rev,0,0,718,FALSE,FALSE
719_rev,19,18,719,FALSE,TRUE
720_rev,0,0,720,FALSE,FALSE
721_rev,0,0,721,FALSE,FALSE
722_rev,0,0,722,FALSE,TRUE
723_rev,1,0,723,FALSE,FALSE
724_rev,0,0,724,FALSE,FALSE
725_rev,0,0,725,FALSE,TRUE
726_rev,0,0,726,FALSE,FALSE
727_rev,0,0,727,FALSE,FALSE
728_rev,0,0,728,FALSE,TRUE
729_rev,0,0,729,FALSE,FALSE
730_rev,0,0,730,FALSE,FALSE
731_rev,0,0,731,FALSE,TRUE
732_rev,0,0,732,FALSE,FALSE
733_rev,0,0,733,FALSE,FALSE
734_rev,0,1,734,FALSE,TRUE
735_rev,2,0,735,FALSE,FALSE
736_rev,0,0,736,FALSE,FALSE
737_rev,0,1,737,FALSE,TRUE
738_rev,2,1,738,FALSE,FALSE
739_rev,0,0,739,FALSE,FALSE
740_rev,3,1,740,FALSE,TRUE
741_rev,0,0,741,FALSE,FALSE
742_rev,1,0,742,FALSE,FALSE
743_rev,4,0,743,FALSE,TRUE
744_rev,0,0,744,FALSE,FALSE
745_rev,0,0,745,FALSE,FALSE
746_rev,0,1,746,FALSE,TRUE
747_rev,0,0,747,FALSE,FALSE
748_rev,0,3,748,FALSE,FALSE
749_rev,0,0,749,FALSE,TRUE
750_rev,0,0,750,FALSE,FALSE
751_rev,2,3,751,FALSE,FALSE
752_rev,2,3,752,FALSE,TRUE
753_rev,0,0,753,FALSE,FALSE
754_rev,0,0,754,FALSE,FALSE
755_rev,0,0,755,FALSE,TRUE
756_rev,0,0,756,FALSE,FALSE
757_rev,0,0,757,FALSE,FALSE
758_rev,0,0,758,FALSE,TRUE
759_rev,0,0,759,FALSE,FALSE
760_rev,0,1,760,FALSE,FALSE
761_rev,9,2,761,FALSE,TRUE
762_rev,0,0,762,FALSE,FALSE
763_rev,0,0,763,FALSE,FALSE
764_rev,0,0,764,FALSE,TRUE
765_rev,0,0,765,FALSE,FALSE
766_rev,0,0,766,FALSE,FALSE
767_rev,0,0,767,FALSE,TRUE
768_rev,0,0,768,FALSE,FALSE
769_rev,0,0,769,FALSE,FALSE
770_rev,4,2,770,FALSE,TRUE
771_rev,0,0,771,FALSE,FALSE
772_rev,0,0,772,FALSE,FALSE
773_rev,0,0,773,FALSE,TRUE
774_rev,0,1,774,FALSE,FALSE
775_rev,0,0,775,FALSE,FALSE
776_rev,0,0,776,FALSE,TRUE
777_rev,0,0,777,FALSE,FALSE
778_rev,0,0,778,FALSE,FALSE
779_rev,0,0,779,FALSE,TRUE
780_rev,0,0,780,FALSE,FALSE
781_rev,0,0,781,FALSE,FALSE
782_rev,0,0,782,FALSE,TRUE
783_rev,0,0,783,FALSE,FALSE
784_rev,0,0,784,FALSE,FALSE
785_rev,0,0,785,FALSE,TRUE
786_rev,0,1,786,FALSE,FALSE
787_rev,0,0,787,FALSE,FALSE
788_rev,0,0,788,FALSE,TRUE
789_rev,0,0,789,FALSE,FALSE
790_rev,0,0,790,FALSE,FALSE
791_rev,0,0,791,FALSE,TRUE
792_rev,0,0,792,FALSE,FALSE
793_rev,0,0,793,FALSE,FALSE
794_rev,0,0,794,FALSE,TRUE
795_rev,0,0,795,FALSE,FALSE
796_rev,0,0,796,FALSE,FALSE
797_rev,0,0,797,FALSE,TRUE
798_rev,0,0,798,FALSE,FALSE
799_rev,0,0,799,FALSE,FALSE
800_rev,0,1,800,FALSE,TRUE
801_rev,2,2,801,FALSE,FALSE
802_rev,0,0,802,FALSE,FALSE
803_rev,2,4,803,FALSE,TRUE
804_rev,0,0,804,FALSE,FALSE
805_rev,0,0,805,FALSE,FALSE
806_rev,0,0,806,FALSE,TRUE
807_rev,0,1,807,FALSE,FALSE
808_rev,0,0,808,FALSE,FALSE
809_rev,0,0,809,FALSE,TRUE
810_rev,0,0,810,FALSE,FALSE
811_rev,0,0,811,FALSE,FALSE
812_rev,0,1,812,FALSE,TRUE
813_rev,0,0,813,FALSE,FALSE
814_rev,0,0,814,FALSE,FALSE
815_rev,6,3,815,FALSE,TRUE
816_rev,1,1,816,FALSE,FALSE
817_rev,0,1,817,FALSE,FALSE
818_rev,0,0,818,FALSE,TRUE
819_rev,0,0,819,FALSE,FALSE
820_rev,0,1,820,FALSE,FALSE
821_rev,0,0,821,FALSE,TRUE
822_rev,0,0,822,FALSE,FALSE
823_rev,0,0,823,FALSE,FALSE
824_rev,0,0,824,FALSE,TRUE
825_rev,0,0,825,FALSE,FALSE
826_rev,0,0,826,FALSE,FALSE
827_rev,0,0,827,FALSE,TRUE
828_rev,0,0,828,FALSE,FALSE
829_rev,0,0,829,FALSE,FALSE
830_rev,0,0,830,FALSE,TRUE
831_rev,0,0,831,FALSE,FALSE
832_rev,0,0,832,FALSE,FALSE
833_rev,1,0,833,FALSE,TRUE
834_rev,0,0,834,FALSE,FALSE
835_rev,0,0,835,FALSE,FALSE
836_rev,0,0,836,FALSE,TRUE
837_rev,0,0,837,FALSE,FALSE
838_rev,0,0,838,FALSE,FALSE
839_rev,0,0,839,FALSE,TRUE
840_rev,0,0,840,FALSE,FALSE
841_rev,0,0,841,FALSE,FALSE
842_rev,0,0,842,FALSE,TRUE
843_rev,0,0,843,FALSE,FALSE
844_rev,0,0,844,FALSE,FALSE
845_rev,0,0,845,FALSE,TRUE
846_rev,2,4,846,FALSE,FALSE
847_rev,0,1,847,FALSE,FALSE
848_rev,1,1,848,FALSE,TRUE
849_rev,1,2,849,FALSE,FALSE
850_rev,0,0,850,FALSE,FALSE
851_rev,0,0,851,FALSE,TRUE
852_rev,0,0,852,FALSE,FALSE
853_rev,0,0,853,FALSE,FALSE
854_rev,0,0,854,FALSE,TRUE
855_rev,0,0,855,FALSE,FALSE
856_rev,0,0,856,FALSE,FALSE
857_rev,0,0,857,FALSE,TRUE
858_rev,1,0,858,FALSE,FALSE
859_rev,2,0,859,FALSE,FALSE
860_rev,1,0,860,FALSE,TRUE
861_rev,1,0,861,FALSE,FALSE
862_rev,3,8,862,FALSE,FALSE
863_rev,1,0,863,FALSE,TRUE
864_rev,0,0,864,FALSE,FALSE
865_rev,0,0,865,FALSE,FALSE
866_rev,0,0,866,FALSE,TRUE
867_rev,0,0,867,FALSE,FALSE
868_rev,0,0,868,FALSE,FALSE
869_rev,0,0,869,FALSE,TRUE
870_rev,0,0,870,FALSE,FALSE
871_rev,0,0,871,FALSE,FALSE
872_rev,0,0,872,FALSE,TRUE
873_rev,0,0,873,FALSE,FALSE
874_rev,1,0,874,FALSE,FALSE
875_rev,0,0,875,FALSE,TRUE
876_rev,0,0,876,FALSE,FALSE
877_rev,2,2,877,FALSE,FALSE
878_rev,2,2,878,FALSE,TRUE
879_rev,0,0,879,FALSE,FALSE
880_rev,0,0,880,FALSE,FALSE
881_rev,0,0,881,FALSE,TRUE
882_rev,0,0,882,FALSE,FALSE
883_rev,0,0,883,FALSE,FALSE
884_rev,0,0,884,FALSE,TRUE
885_rev,0,0,885,FALSE,FALSE
886_rev,0,0,886,FALSE,FALSE
887_rev,0,0,887,FALSE,TRUE
888_rev,0,0,888,FALSE,FALSE
889_rev,0,0,889,FALSE,FALSE
890_rev,0,0,890,FALSE,TRUE
891_rev,0,0,891,FALSE,FALSE
892_rev,0,0,892,FALSE,FALSE
893_rev,0,0,893,FALSE,TRUE
894_rev,0,0,894,FALSE,FALSE
895_rev,0,0,895,FALSE,FALSE
896_rev,0,0,896,FALSE,TRUE
897_rev,0,0,897,FALSE,FALSE
898_rev,0,0,898,FALSE,FALSE
899_rev,0,0,899,FALSE,TRUE
900_rev,0,0,900,FALSE,FALSE
901_rev,0,1,901,FALSE,FALSE
902_rev,0,0,902,FALSE,TRUE
903_rev,0,0,903,FALSE,FALSE
904_rev,0,0,904,FALSE,FALSE
905_rev,0,0,905,FALSE,TRUE
906_rev,0,0,906,FALSE,FALSE
907_rev,0,0,907,FALSE,FALSE
908_rev,0,0,908,FALSE,TRUE
909_rev,0,0,909,FALSE,FALSE
910_rev,0,0,910,FALSE,FALSE
911_rev,4,1,911,FALSE,TRUE
912_rev,0,0,912,FALSE,FALSE
913_rev,0,0,913,FALSE,FALSE
914_rev,0,2,914,FALSE,TRUE
915_rev,0,0,915,FALSE,FALSE
916_rev,0,1,916,FALSE,FALSE
917_rev,0,0,917,FALSE,TRUE
918_rev,0,0,918,FALSE,FALSE
919_rev,1,1,919,FALSE,FALSE
920_rev,1,2,920,FALSE,TRUE
921_rev,0,0,921,FALSE,FALSE
922_rev,0,0,922,FALSE,FALSE
923_rev,0,0,923,FALSE,TRUE
924_rev,0,0,924,FALSE,FALSE
925_rev,5,7,925,FALSE,FALSE
926_rev,0,0,926,FALSE,TRUE
927_rev,1,2,927,FALSE,FALSE
928_rev,0,0,928,FALSE,FALSE
929_rev,0,0,929,FALSE,TRUE
930_rev,0,1,930,FALSE,FALSE
931_rev,0,0,931,FALSE,FALSE
932_rev,1,0,932,FALSE,TRUE
933_rev,0,0,933,FALSE,FALSE
934_rev,0,0,934,FALSE,FALSE
935_rev,0,0,935,FALSE,TRUE
936_rev,0,0,936,FALSE,FALSE
937_rev,0,0,937,FALSE,FALSE
938_rev,0,0,938,FALSE,TRUE
939_rev,0,0,939,FALSE,FALSE
940_rev,5,3,940,FALSE,FALSE
941_rev,3,0,941,FALSE,TRUE
942_rev,0,0,942,FALSE,FALSE
943_rev,1,0,943,FALSE,FALSE
944_rev,1,0,944,FALSE,TRUE
945_rev,0,0,945,FALSE,FALSE
946_rev,0,0,946,FALSE,FALSE
947_rev,0,0,947,FALSE,TRUE
948_rev,0,0,948,FALSE,FALSE
949_rev,0,0,949,FALSE,FALSE
950_rev,0,0,950,FALSE,TRUE
951_rev,2,0,951,FALSE,FALSE
952_rev,5,6,952,FALSE,FALSE
953_rev,0,0,953,FALSE,TRUE
954_rev,0,0,954,FALSE,FALSE
955_rev,0,0,955,FALSE,FALSE
956_rev,0,0,956,FALSE,TRUE
957_rev,0,0,957,FALSE,FALSE
958_rev,0,0,958,FALSE,FALSE
959_rev,1,0,959,FALSE,TRUE
960_rev,0,0,960,FALSE,FALSE
961_rev,0,0,961,FALSE,FALSE
962_rev,8,6,962,FALSE,TRUE
963_rev,1,0,963,FALSE,FALSE
964_rev,0,0,964,FALSE,FALSE
965_rev,0,1,965,FALSE,TRUE
966_rev,0,0,966,FALSE,FALSE
967_rev,0,0,967,FALSE,FALSE
968_rev,0,0,968,FALSE,TRUE
969_rev,0,0,969,FALSE,FALSE
970_rev,0,0,970,FALSE,FALSE
971_rev,10,8,971,FALSE,TRUE
972_rev,0,0,972,FALSE,FALSE
973_rev,0,0,973,FALSE,FALSE
974_rev,0,0,974,FALSE,TRUE
975_rev,0,0,975,FALSE,FALSE
976_rev,0,0,976,FALSE,FALSE
977_rev,0,0,977,FALSE,TRUE
978_rev,0,0,978,FALSE,FALSE
979_rev,0,0,979,FALSE,FALSE
980_rev,0,1,980,FALSE,TRUE
981_rev,0,1,981,FALSE,FALSE
982_rev,0,0,982,FALSE,FALSE
983_rev,0,0,983,FALSE,TRUE
984_rev,0,0,984,FALSE,FALSE
985_rev,0,0,985,FALSE,FALSE
986_rev,0,0,986,FALSE,TRUE
987_rev,0,0,987,FALSE,FALSE
988_rev,0,0,988,FALSE,FALSE
989_rev,0,0,989,FALSE,TRUE
990_rev,0,1,990,FALSE,FALSE
991_rev,0,0,991,FALSE,FALSE
992_rev,0,0,992,FALSE,TRUE
993_rev,0,0,993,FALSE,FALSE
994_rev,0,0,994,FALSE,FALSE
995_rev,4,2,995,FALSE,TRUE
996_rev,0,0,996,FALSE,FALSE
997_rev,0,0,997,FALSE,FALSE
998_rev,0,0,998,FALSE,TRUE
999_rev,0,0,999,FALSE,FALSE
1000_rev,1,0,1000,FALSE,FALSE
1001_rev,4,1,1001,FALSE,TRUE
1002_rev,0,0,1002,FALSE,FALSE
1003_rev,0,1,1003,FALSE,FALSE
1004_rev,0,0,1004,FALSE,TRUE
1005_rev,0,0,1005,FALSE,FALSE
1006_rev,0,0,1006,FALSE,FALSE
1007_rev,0,0,1007,FALSE,TRUE
1008_rev,0,0,1008,FALSE,FALSE
1009_rev,2,1,1009,FALSE,FALSE
1010_rev,0,2,1010,FALSE,TRUE
1011_rev,0,0,1011,FALSE,FALSE
1012_rev,0,0,1012,FALSE,FALSE
1013_rev,0,0,1013,FALSE,TRUE
1014_rev,0,0,1014,FALSE,FALSE
1015_rev,0,0,1015,FALSE,FALSE
1016_rev,0,0,1016,FALSE,TRUE
1017_rev,0,0,1017,FALSE,FALSE
1018_rev,0,0,1018,FALSE,FALSE
1019_rev,0,0,1019,FALSE,TRUE
1020_rev,1,0,1020,FALSE,FALSE
1021_rev,0,0,1021,FALSE,FALSE
1022_rev,0,0,1022,FALSE,TRUE
1023_rev,0,0,1023,FALSE,FALSE
1024_rev,0,0,1024,FALSE,FALSE
1025_rev,0,0,1025,FALSE,TRUE
1026_rev,4,1,1026,FALSE,FALSE
1027_rev,4,2,1027,FALSE,FALSE
1028_rev,0,1,1028,FALSE,TRUE
1029_rev,0,0,1029,FALSE,FALSE
1030_rev,0,0,1030,FALSE,FALSE
1031_rev,0,0,1031,FALSE,TRUE
1032_rev,0,0,1032,FALSE,FALSE
1033_rev,0,0,1033,FALSE,FALSE
1034_rev,7,5,1034,FALSE,TRUE
1035_rev,0,0,1035,FALSE,FALSE
1036_rev,0,0,1036,FALSE,FALSE
1037_rev,1,4,1037,FALSE,TRUE
1038_rev,0,0,1038,FALSE,FALSE
1039_rev,1,0,1039,FALSE,FALSE
1040_rev,1,1,1040,FALSE,TRUE
1041_rev,0,0,1041,FALSE,FALSE
1042_rev,0,0,1042,FALSE,FALSE
1043_rev,0,0,1043,FALSE,TRUE
1044_rev,0,0,1044,FALSE,FALSE
1045_rev,3,3,1045,FALSE,FALSE
1046_rev,0,0,1046,FALSE,TRUE
1047_rev,0,0,1047,FALSE,FALSE
1048_rev,1,0,1048,FALSE,FALSE
1049_rev,0,0,1049,FALSE,TRUE
1050_rev,0,0,1050,FALSE,FALSE
1051_rev,0,0,1051,FALSE,FALSE
1052_rev,0,0,1052,FALSE,TRUE
1053_rev,0,0,1053,FALSE,FALSE
1054_rev,0,0,1054,FALSE,FALSE
1055_rev,0,0,1055,FALSE,TRUE
1056_rev,0,0,1056,FALSE,FALSE
1057_rev,0,0,1057,FALSE,FALSE
1058_rev,0,0,1058,FALSE,TRUE
1059_rev,0,0,1059,FALSE,FALSE
1060_rev,0,0,1060,FALSE,FALSE
1061_rev,4,5,1061,FALSE,TRUE
1062_rev,0,0,1062,FALSE,FALSE
1063_rev,0,0,1063,FALSE,FALSE
1064_rev,0,0,1064,FALSE,TRUE
1065_rev,0,0,1065,FALSE,FALSE
1066_rev,1,0,1066,FALSE,FALSE
1067_rev,0,0,1067,FALSE,TRUE
1068_rev,0,0,1068,FALSE,FALSE
1069_rev,0,0,1069,FALSE,FALSE
1070_rev,0,0,1070,FALSE,TRUE
1071_rev,1,0,1071,FALSE,FALSE
1072_rev,2,1,1072,FALSE,FALSE
1073_rev,0,0,1073,FALSE,TRUE
1074_rev,0,0,1074,FALSE,FALSE
1075_rev,0,0,1075,FALSE,FALSE
1076_rev,0,0,1076,FALSE,TRUE
1077_rev,0,0,1077,FALSE,FALSE
1078_rev,0,0,1078,FALSE,FALSE
1079_rev,0,0,1079,FALSE,TRUE
1080_rev,0,0,1080,FALSE,FALSE
1081_rev,0,0,1081,FALSE,FALSE
1082_rev,0,0,1082,FALSE,TRUE
1083_rev,0,0,1083,FALSE,FALSE
1084_rev,0,0,1084,FALSE,FALSE
1085_rev,0,0,1085,FALSE,TRUE
1086_rev,0,0,1086,FALSE,FALSE
1087_rev,0,0,1087,FALSE,FALSE
1088_rev,0,1,1088,FALSE,TRUE
1089_rev,0,0,1089,FALSE,FALSE
1090_rev,23,3,1090,FALSE,FALSE
1091_rev,3,4,1091,FALSE,TRUE
1092_rev,0,0,1092,FALSE,FALSE
1093_rev,1,0,1093,FALSE,FALSE
1094_rev,0,0,1094,FALSE,TRUE
1095_rev,0,0,1095,FALSE,FALSE
1096_rev,0,0,1096,FALSE,FALSE
1097_rev,3,0,1097,FALSE,TRUE
1098_rev,0,0,1098,FALSE,FALSE
1099_rev,0,0,1099,FALSE,FALSE
1100_rev,0,0,1100,FALSE,TRUE
1101_rev,0,0,1101,FALSE,FALSE
1102_rev,2,1,1102,FALSE,FALSE
1103_rev,1,1,1103,FALSE,TRUE
1104_rev,0,0,1104,FALSE,FALSE
1105_rev,0,0,1105,FALSE,FALSE
1106_rev,0,0,1106,FALSE,TRUE
1107_rev,1,1,1107,FALSE,FALSE
1108_rev,0,0,1108,FALSE,FALSE
1109_rev,0,0,1109,FALSE,TRUE
1110_rev,0,0,1110,FALSE,FALSE
1111_rev,0,0,1111,FALSE,FALSE
1112_rev,0,0,1112,FALSE,TRUE
1113_rev,0,0,1113,FALSE,FALSE
1114_rev,1,0,1114,FALSE,FALSE
1115_rev,3,1,1115,FALSE,TRUE
1116_rev,0,0,1116,FALSE,FALSE
1117_rev,0,0,1117,FALSE,FALSE
1118_rev,0,0,1118,FALSE,TRUE
1119_rev,0,0,1119,FALSE,FALSE
1120_rev,0,0,1120,FALSE,FALSE